Status,Age_Group,Education,Industry,Location,Ai_Risk,Years_Of_Experience,Monthly_Salary_(Inr),Year,Month,Day
Employed,18-24,Diploma,Fintech,Rural,Moderate,16.0,17500.0,2023,1,2
Employed,25-34,High School,Retail,Delhi,Low,16.0,77600.0,2023,1,3
Unemployed,18-24,Masters,Retail,Urban,Low,30.0,100200.0,2023,1,4
Unemployed,25-34,Phd,Tech,Bangalore,High,14.5,54500.0,2023,1,6
Unemployed,45-54,High School,Technology,Delhi,High,8.0,27000.0,2023,1,12
Employed,18-24,Phd,Tech,Rural,Low,13.0,121700.0,2023,1,14
Unemployed,18-24,Bachelors,Healthcare,Bangalore,Moderate,18.0,28700.0,2023,1,16
Employed,25-34,High School,Retail,Urban,Low,12.0,109300.0,2023,1,17
Unemployed,25-34,X,Fintech,Rural,Low,3.0,62400.0,2023,1,19
Employed,18-to-24,X,Retail,Delhi,Moderate,0.0,101100.0,2023,1,20
Unemployed,18-to-24,X,Health,Delhi,Medium,5.0,128000.0,2023,1,22
Unemployed,25-34,Ph.D,Technology,Hyderabad,Moderate,24.0,107700.0,2023,1,25
Employed,18-24,X,Tech,Rural,Medium,15.0,59000.0,2023,1,27
Unemployed,18-to-24,X,Healthcare,Delhi,Medium,12.0,132200.0,2023,1,28
Employed,18-24,Master,Health,Urban,Low,15.0,13300.0,2023,1,30
Unemployed,25-34,High School,Technology,Hyderabad,High,6.333333333333334,13100.0,2023,2,1
Employed,25-34,High School,Finance,Urban,High,2.0,134500.0,2023,2,2
Employed,25-34,Bachelor'S,Fintech,Delhi,Low,25.0,7700.0,2023,2,11
Unemployed,45-54,Masters,Tech,Hyderabad,Low,10.0,12900.0,2023,2,12
Employed,25-34,High School,Health,Hyderabad,Medium,11.0,97900.0,2023,2,14
Unemployed,18-24,Phd,Fintech,Rural,Moderate,4.0,14200.0,2023,2,15
Unemployed,25-34,Phd,Retail,Suburban,High,17.0,106500.0,2023,2,16
Unemployed,18-24,Phd,Retail,Delhi,High,7.0,15700.0,2023,2,19
Employed,35-44,X,Finance,Delhi,High,27.0,115700.0,2023,2,20
Employed,18-to-24,High School,Retail,Mumbai,Low,26.666666666666668,18800.0,2023,2,21
Employed,45-54,Bachelors,Technology,Urban,Low,26.33333333333333,127400.0,2023,2,22
Unemployed,45-54,Masters,Healthcare,Delhi,Moderate,6.0,42100.0,2023,2,24
Employed,25-34,Masters,Education,Urban,Moderate,28.0,137400.0,2023,2,25
Employed,25-34,High School,Health,Bangalore,Low,26.666666666666668,110200.0,2023,2,26
Unemployed,18-to-24,Master,Health,Delhi,Low,24.0,126300.0,2023,2,28
Unemployed,55+,Diploma,Retail,Suburban,Moderate,24.0,26300.0,2023,3,2
Unemployed,25-34,Masters,Education,Mumbai,Low,24.0,78900.0,2023,3,3
Employed,18-24,Phd,Technology,Urban,Moderate,21.0,48900.0,2023,3,5
Unemployed,18-to-24,Masters,Technology,Rural,Moderate,18.0,94533.33333333331,2023,3,7
Unemployed,45-54,Bachelor'S,Finance,Suburban,Moderate,17.0,57200.0,2023,3,9
Unemployed,25-34,Ph.D,Retail,Bangalore,Low,15.5,90500.0,2023,3,12
Employed,35-44,High School,Retail,Bangalore,Moderate,15.0,33400.0,2023,3,13
Employed,25-34,Ph.D,Fintech,Bangalore,Low,12.0,82050.0,2023,3,14
Unemployed,45-54,Diploma,Fintech,Rural,High,20.0,130700.0,2023,3,15
Unemployed,18-to-24,High School,Retail,Delhi,Medium,23.5,90000.0,2023,3,16
Unemployed,18-to-24,Masters,Finance,Suburban,Low,26.166666666666668,125800.0,2023,3,18
Employed,25-34,Bachelors,Technology,Urban,Medium,25.33333333333333,113000.0,2023,3,19
Employed,25-34,Bachelor'S,Education,Delhi,Low,22.83333333333333,17900.0,2023,3,22
Employed,25-34,Bachelors,Health,Hyderabad,High,22.0,79100.0,2023,3,23
Unemployed,18-24,Masters,Tech,Rural,Low,13.0,62600.0,2023,3,24
Employed,18-24,High School,Health,Suburban,Medium,4.0,46100.0,2023,3,25
Unemployed,55+,Bachelors,Retail,Delhi,Low,19.0,56300.0,2023,3,28
Unemployed,25-34,Phd,Retail,Suburban,High,15.5,105400.0,2023,3,29
Employed,35-44,X,Fintech,Hyderabad,Low,26.0,88400.0,2023,3,31
Employed,45-54,Diploma,Finance,Bangalore,High,16.0,124600.0,2023,4,1
Employed,35-44,Bachelor'S,Fintech,Hyderabad,Medium,20.0,19000.0,2023,4,2
Employed,35-44,Master,Retail,Bangalore,High,21.0,66200.0,2023,4,3
Unemployed,25-34,Ph.D,Fintech,Hyderabad,Low,26.0,45250.0,2023,4,6
Employed,25-34,Diploma,Healthcare,Hyderabad,Medium,14.0,27075.0,2023,4,7
Unemployed,25-34,Diploma,Retail,Hyderabad,High,7.0,124300.0,2023,4,9
Employed,45-54,X,Technology,Delhi,Medium,25.0,76500.0,2023,4,12
Unemployed,25-34,High School,Retail,Mumbai,Moderate,16.666666666666664,60350.0,2023,4,13
Employed,45-54,Bachelors,Retail,Urban,High,0.0,137100.0,2023,4,15
Employed,18-24,Master,Health,Urban,High,8.0,105450.0,2023,4,16
Unemployed,25-34,Bachelors,Health,Urban,Low,16.0,73800.0,2023,4,17
Employed,25-34,Master,Retail,Urban,Low,19.33333333333333,57050.0,2023,4,18
Employed,18-to-24,Diploma,Tech,Delhi,High,22.666666666666668,40300.0,2023,4,19
Unemployed,35-44,Ph.D,Finance,Delhi,Low,28.0,44700.0,2023,4,22
Unemployed,18-to-24,Phd,Health,Urban,High,10.0,20200.0,2023,4,23
Employed,25-34,Masters,Education,Suburban,Low,15.0,7600.0,2023,4,25
Unemployed,45-54,High School,Finance,Delhi,Low,12.333333333333334,109500.0,2023,4,26
Employed,25-34,Phd,Retail,Urban,Low,9.666666666666668,26900.0,2023,4,27
Employed,35-44,High School,Technology,Rural,Low,7.0,21000.0,2023,4,28
Employed,18-24,Masters,Healthcare,Suburban,Moderate,15.25,22850.0,2023,5,1
Employed,45-54,Phd,Tech,Hyderabad,High,18.0,10500.0,2023,5,2
Employed,25-34,Diploma,Education,Urban,High,21.5,125300.0,2023,5,6
Unemployed,25-34,Ph.D,Tech,Urban,Medium,23.0,11500.0,2023,5,7
Unemployed,35-44,High School,Retail,Hyderabad,Moderate,6.833333333333333,23500.0,2023,5,10
Unemployed,18-to-24,Master,Fintech,Urban,Low,9.333333333333334,125400.0,2023,5,13
Employed,45-54,Phd,Healthcare,Urban,Low,15.666666666666668,94966.66666666669,2023,5,17
Unemployed,35-44,Masters,Retail,Mumbai,Medium,13.666666666666668,65300.0,2023,5,19
Employed,35-44,High School,Technology,Urban,Low,9.333333333333334,76500.0,2023,5,20
Employed,25-34,X,Technology,Hyderabad,Low,5.0,141000.0,2023,5,21
Employed,18-24,Diploma,Healthcare,Delhi,High,3.75,8000.0,2023,5,22
Employed,25-34,Bachelors,Education,Rural,Low,8.5,100700.0,2023,5,26
Unemployed,18-to-24,Masters,Fintech,Urban,High,17.0,122200.0,2023,5,27
Employed,18-to-24,Phd,Healthcare,Urban,Medium,28.0,56300.0,2023,5,30
Unemployed,18-24,Bachelor'S,Tech,Bangalore,Moderate,29.0,89900.0,2023,5,31
Employed,18-24,High School,Health,Delhi,High,21.666666666666664,81150.0,2023,6,2
Employed,25-34,Diploma,Retail,Hyderabad,High,13.333333333333332,97100.0,2023,6,3
Employed,18-to-24,Masters,Retail,Suburban,High,5.0,102600.0,2023,6,5
Unemployed,55+,Master,Retail,Urban,High,5.0,125900.0,2023,6,6
Employed,55+,Master,Education,Rural,Medium,2.5,78950.0,2023,6,8
Employed,35-44,Diploma,Retail,Hyderabad,High,2.4,106600.0,2023,6,13
Employed,18-to-24,Masters,Health,Mumbai,Moderate,3.0,44700.0,2023,6,14
Unemployed,18-24,Bachelors,Health,Hyderabad,High,19.0,131300.0,2023,6,16
Employed,25-34,Ph.D,Retail,Urban,Low,19.0,75300.0,2023,6,18
Unemployed,18-24,Bachelors,Health,Urban,Low,19.0,88400.0,2023,6,20
Unemployed,55+,Master,Education,Mumbai,Low,19.0,110800.0,2023,6,21
Unemployed,55+,Bachelors,Education,Hyderabad,Low,28.0,115100.0,2023,6,22
Unemployed,35-44,Ph.D,Retail,Urban,High,23.0,16400.0,2023,6,25
Unemployed,45-54,X,Retail,Urban,High,26.75,21200.0,2023,6,28
Unemployed,18-24,High School,Technology,Urban,Low,27.5,12500.0,2023,6,29
Unemployed,45-54,Phd,Retail,Suburban,High,28.25,70700.0,2023,6,30
Unemployed,18-24,High School,Retail,Suburban,Low,29.0,96000.0,2023,7,1
Employed,18-24,Masters,Health,Suburban,Low,21.0,123200.0,2023,7,2
Unemployed,35-44,Ph.D,Healthcare,Urban,Medium,5.0,54200.0,2023,7,4
Unemployed,55+,Masters,Healthcare,Suburban,Medium,6.714285714285714,24000.0,2023,7,5
Unemployed,55+,Bachelor'S,Finance,Mumbai,Moderate,13.571428571428571,114100.0,2023,7,9
Employed,25-34,High School,Education,Mumbai,Medium,15.285714285714285,30100.0,2023,7,10
Unemployed,18-to-24,Bachelors,Health,Hyderabad,Low,20.5,60500.0,2023,7,13
Employed,18-24,High School,Tech,Delhi,Low,22.25,58000.0,2023,7,14
Employed,18-24,High School,Tech,Mumbai,High,29.0,77200.0,2023,7,16
Employed,45-54,Bachelor'S,Finance,Urban,High,24.0,96400.0,2023,7,17
Employed,25-34,Bachelor'S,Technology,Suburban,Medium,14.0,103033.33333333331,2023,7,18
Unemployed,18-to-24,Master,Retail,Delhi,High,19.0,109666.66666666669,2023,7,19
Employed,55+,Diploma,Education,Urban,Low,24.0,116300.0,2023,7,20
Employed,18-24,X,Education,Mumbai,Medium,21.0,66400.0,2023,7,22
Unemployed,35-44,X,Health,Urban,Medium,17.5,125900.0,2023,7,24
Employed,25-34,Phd,Health,Delhi,High,24.0,121300.0,2023,7,28
Unemployed,25-34,Diploma,Retail,Urban,Low,15.5,75200.0,2023,7,30
Unemployed,45-54,Bachelor'S,Health,Rural,Moderate,11.0,74200.0,2023,7,31
Unemployed,55+,Masters,Tech,Suburban,Moderate,18.0,127100.0,2023,8,1
Employed,25-34,High School,Education,Rural,High,14.0,68600.0,2023,8,2
Employed,35-44,Bachelor'S,Health,Delhi,Low,21.5,76000.0,2023,8,5
Employed,55+,Ph.D,Education,Hyderabad,High,21.0,31500.0,2023,8,7
Unemployed,25-34,Bachelors,Healthcare,Rural,Low,10.5,126700.0,2023,8,8
Employed,18-24,Bachelor'S,Retail,Hyderabad,Medium,20.0,22300.0,2023,8,12
Unemployed,45-54,High School,Health,Urban,High,24.666666666666668,40133.333333333336,2023,8,14
Employed,25-34,Master,Technology,Hyderabad,High,27.0,73766.66666666667,2023,8,15
Unemployed,18-to-24,High School,Retail,Delhi,High,25.0,70400.0,2023,8,18
Employed,25-34,Ph.D,Tech,Hyderabad,Low,2.0,105700.0,2023,8,19
Unemployed,45-54,X,Healthcare,Urban,High,22.0,15500.0,2023,8,22
Unemployed,18-to-24,Bachelor'S,Finance,Delhi,High,7.0,17600.0,2023,8,23
Employed,45-54,X,Education,Mumbai,Low,28.0,7100.0,2023,8,26
Unemployed,25-34,Masters,Healthcare,Rural,High,12.333333333333332,106800.0,2023,9,4
Unemployed,18-to-24,Bachelors,Tech,Urban,Medium,15.0,79900.0,2023,9,5
Unemployed,25-34,Bachelor'S,Fintech,Hyderabad,High,20.33333333333333,113750.0,2023,9,7
Unemployed,25-34,Master,Tech,Hyderabad,Medium,23.0,102200.0,2023,9,8
Employed,25-34,Ph.D,Healthcare,Mumbai,Low,23.0,102800.0,2023,9,10
Employed,18-24,X,Education,Suburban,High,17.0,84100.0,2023,9,11
Employed,18-to-24,Master,Health,Hyderabad,Low,6.0,68500.0,2023,9,12
Employed,18-to-24,Master,Tech,Urban,Low,14.0,37000.0,2023,9,16
Employed,25-34,Phd,Retail,Bangalore,High,22.0,119400.0,2023,9,17
Employed,45-54,High School,Education,Bangalore,High,6.0,66200.0,2023,9,22
Unemployed,55+,Bachelors,Fintech,Hyderabad,Medium,5.0,88000.0,2023,9,24
Employed,25-34,Bachelors,Tech,Hyderabad,High,26.0,103000.0,2023,9,25
Employed,25-34,Phd,Retail,Suburban,Low,9.75,8900.0,2023,9,27
Employed,18-24,Bachelors,Finance,Bangalore,Low,8.5,114500.0,2023,10,3
Unemployed,18-to-24,High School,Retail,Mumbai,Low,5.75,112900.0,2023,10,4
Employed,18-to-24,Bachelor'S,Retail,Rural,High,14.5,34400.0,2023,10,6
Employed,25-34,High School,Retail,Delhi,Low,26.0,144200.0,2023,10,7
Employed,45-54,Bachelors,Tech,Suburban,Low,18.666666666666668,8700.0,2023,10,8
Unemployed,18-24,Masters,Tech,Urban,Moderate,11.333333333333334,13900.0,2023,10,9
Employed,18-to-24,Bachelors,Fintech,Urban,High,17.0,78200.0,2023,10,12
Unemployed,45-54,Diploma,Tech,Bangalore,High,14.5,135100.0,2023,10,13
Unemployed,18-24,Bachelors,Education,Urban,Moderate,12.0,126500.0,2023,10,14
Employed,55+,Phd,Fintech,Suburban,Medium,7.0,109300.0,2023,10,16
Employed,25-34,Bachelor'S,Retail,Delhi,High,3.8,32100.0,2023,10,20
Unemployed,18-24,High School,Fintech,Mumbai,Low,3.0,12600.0,2023,10,21
Employed,25-34,Diploma,Retail,Hyderabad,High,12.5,71800.0,2023,10,22
Unemployed,25-34,Phd,Technology,Hyderabad,Low,22.0,86650.0,2023,10,23
Employed,25-34,Ph.D,Tech,Urban,Moderate,26.0,101500.0,2023,10,24
Unemployed,25-34,Phd,Health,Urban,High,21.0,141700.0,2023,10,29
Employed,55+,Bachelors,Retail,Urban,Medium,15.666666666666668,22100.0,2023,10,31
Employed,18-24,High School,Retail,Rural,Low,15.0,102800.0,2023,11,3
Employed,45-54,Ph.D,Finance,Urban,High,25.0,89300.0,2023,11,4
Unemployed,25-34,Master,Healthcare,Urban,Low,13.5,61200.0,2023,11,5
Employed,25-34,High School,Retail,Rural,Medium,5.0,21400.0,2023,11,9
Unemployed,35-44,X,Technology,Urban,Low,6.0,137300.0,2023,11,10
Unemployed,55+,Phd,Fintech,Bangalore,Low,10.5,62300.0,2023,11,11
Unemployed,25-34,Phd,Fintech,Hyderabad,Low,23.0,141200.0,2023,11,14
Unemployed,55+,Masters,Tech,Bangalore,High,21.0,102300.0,2023,11,17
Employed,45-54,Phd,Fintech,Suburban,Moderate,0.0,89600.0,2023,11,18
Unemployed,35-44,Masters,Education,Suburban,Moderate,0.0,42700.0,2023,11,19
Employed,25-34,Bachelor'S,Education,Mumbai,Low,18.0,40350.0,2023,11,20
Employed,55+,Masters,Fintech,Rural,Medium,25.0,38000.0,2023,11,21
Unemployed,18-to-24,High School,Healthcare,Delhi,Moderate,20.0,39800.0,2023,11,22
Unemployed,55+,Diploma,Retail,Urban,Moderate,20.0,96600.0,2023,11,27
Unemployed,55+,Diploma,Tech,Delhi,High,21.5,96350.0,2023,11,28
Employed,35-44,Master,Health,Hyderabad,High,14.666666666666666,35700.0,2023,12,3
Unemployed,35-44,X,Health,Urban,Low,13.0,21500.0,2023,12,7
Unemployed,25-34,Phd,Retail,Urban,Moderate,10.0,116300.0,2023,12,11
Unemployed,25-34,Master,Fintech,Delhi,High,12.0,139900.0,2023,12,12
Employed,55+,Ph.D,Retail,Urban,High,14.0,26900.0,2023,12,13
Unemployed,18-to-24,Master,Tech,Mumbai,Low,16.0,16150.0,2023,12,14
Unemployed,55+,Bachelors,Education,Mumbai,Medium,16.0,110400.0,2023,12,17
Unemployed,45-54,X,Retail,Bangalore,High,14.0,139700.0,2023,12,18
Unemployed,45-54,Bachelor'S,Fintech,Suburban,Low,22.0,112900.0,2023,12,19
Employed,18-to-24,High School,Finance,Suburban,Medium,28.0,112400.0,2023,12,21
Employed,18-24,Phd,Education,Delhi,High,20.666666666666668,71400.0,2023,12,23
Unemployed,18-to-24,Masters,Education,Suburban,Low,10.0,51000.0,2023,12,25
Unemployed,25-34,High School,Finance,Delhi,High,14.0,109800.0,2023,12,26
Unemployed,18-to-24,Masters,Finance,Mumbai,High,18.0,111300.0,2023,12,27
Employed,35-44,Bachelor'S,Education,Suburban,Low,16.0,100400.0,2023,12,30
Employed,25-34,Bachelors,Retail,Bangalore,Low,20.5,138600.0,2024,1,1
Unemployed,25-34,High School,Healthcare,Hyderabad,Moderate,11.0,89350.0,2024,1,2
Employed,55+,Bachelor'S,Health,Delhi,Moderate,18.5,104800.0,2024,1,4
Unemployed,45-54,Ph.D,Education,Suburban,High,13.0,89566.66666666666,2024,1,8
Unemployed,45-54,Diploma,Healthcare,Hyderabad,High,7.5,116000.0,2024,1,9
Unemployed,45-54,Master,Education,Rural,Moderate,2.0,29300.0,2024,1,10
Employed,55+,Phd,Retail,Mumbai,Low,7.333333333333333,36200.0,2024,1,12
Unemployed,25-34,Masters,Education,Delhi,Medium,10.0,17800.0,2024,1,13
Unemployed,18-24,Master,Health,Urban,Medium,11.0,52900.0,2024,1,14
Unemployed,45-54,High School,Retail,Rural,High,23.666666666666664,90300.0,2024,1,16
Employed,35-44,Bachelors,Technology,Bangalore,High,20.0,63200.0,2024,1,18
Unemployed,35-44,Ph.D,Technology,Delhi,Low,0.0,34800.0,2024,1,20
Employed,35-44,X,Health,Rural,High,29.0,138400.0,2024,1,22
Employed,18-24,High School,Technology,Urban,Medium,29.0,97300.0,2024,1,23
Unemployed,18-24,High School,Healthcare,Mumbai,Moderate,29.0,64300.0,2024,1,24
Unemployed,25-34,Masters,Retail,Urban,Moderate,24.0,64900.0,2024,1,27
Unemployed,18-to-24,Masters,Tech,Delhi,High,25.0,45800.0,2024,1,28
Employed,35-44,X,Tech,Mumbai,High,11.0,134400.0,2024,1,30
Unemployed,25-34,Bachelor'S,Education,Bangalore,Low,1.0,106500.0,2024,1,31
Employed,18-to-24,Masters,Retail,Urban,Low,16.0,122100.0,2024,2,2
Employed,45-54,Bachelor'S,Education,Hyderabad,Low,21.2,86300.0,2024,2,4
Unemployed,35-44,Phd,Retail,Suburban,Moderate,23.8,39500.0,2024,2,5
Unemployed,25-34,X,Retail,Delhi,Medium,26.4,71000.0,2024,2,6
Employed,18-24,Ph.D,Education,Mumbai,High,16.333333333333336,42600.0,2024,2,9
Unemployed,18-to-24,Bachelor'S,Education,Urban,High,11.666666666666666,54100.0,2024,2,11
Employed,45-54,Master,Technology,Mumbai,High,15.0,105850.0,2024,2,14
Employed,45-54,High School,Fintech,Rural,High,19.0,106100.0,2024,2,16
Unemployed,18-24,Ph.D,Retail,Suburban,High,5.0,46300.0,2024,2,19
Employed,25-34,Ph.D,Tech,Suburban,Medium,19.0,69400.0,2024,2,20
Unemployed,25-34,Phd,Tech,Urban,Medium,21.75,92500.0,2024,2,21
Employed,35-44,High School,Finance,Bangalore,Low,13.333333333333332,12400.0,2024,2,26
Employed,45-54,Bachelors,Education,Hyderabad,High,5.0,119200.0,2024,2,27
Unemployed,18-to-24,Master,Tech,Hyderabad,High,6.0,109300.0,2024,2,28
Employed,45-54,Master,Retail,Hyderabad,Moderate,7.0,84700.0,2024,2,29
Employed,18-24,Bachelors,Fintech,Urban,Low,8.0,9100.0,2024,3,1
Unemployed,25-34,Bachelor'S,Tech,Hyderabad,Moderate,2.0,16000.0,2024,3,3
Unemployed,18-to-24,Master,Education,Suburban,Low,6.0,18300.0,2024,3,5
Unemployed,55+,Bachelor'S,Tech,Rural,Medium,9.5,17400.0,2024,3,6
Unemployed,18-to-24,Bachelor'S,Healthcare,Suburban,High,13.0,16500.0,2024,3,7
Unemployed,18-24,High School,Education,Hyderabad,Low,20.0,14700.0,2024,3,9
Employed,18-to-24,High School,Retail,Bangalore,Low,21.0,66250.0,2024,3,10
Employed,18-to-24,High School,Healthcare,Urban,Medium,15.333333333333332,117800.0,2024,3,11
Unemployed,55+,Masters,Fintech,Bangalore,Moderate,9.666666666666666,50800.0,2024,3,12
Unemployed,55+,Diploma,Health,Delhi,High,4.0,73300.0,2024,3,13
Employed,25-34,Master,Health,Bangalore,Low,3.5,17700.0,2024,3,14
Unemployed,25-34,Masters,Fintech,Urban,Moderate,3.0,69100.0,2024,3,15
Employed,45-54,Bachelors,Retail,Hyderabad,High,23.0,120500.0,2024,3,16
Employed,25-34,Phd,Fintech,Urban,Low,18.5,15000.0,2024,3,17
Employed,18-to-24,Masters,Technology,Suburban,Low,16.0,118650.0,2024,3,20
Unemployed,18-24,X,Finance,Rural,High,7.0,121300.0,2024,3,21
Employed,25-34,Phd,Technology,Urban,High,29.0,90500.0,2024,3,23
Employed,25-34,Bachelor'S,Health,Mumbai,High,11.5,135400.0,2024,3,26
Unemployed,25-34,Phd,Retail,Urban,High,15.25,47700.0,2024,3,27
Employed,25-34,High School,Health,Urban,High,29.0,144500.0,2024,3,29
Unemployed,35-44,Masters,Tech,Suburban,High,18.5,5100.0,2024,4,1
Employed,25-34,Master,Fintech,Urban,High,12.0,74500.0,2024,4,4
Unemployed,55+,Master,Fintech,Suburban,High,14.5,105900.0,2024,4,5
Unemployed,45-54,Phd,Technology,Delhi,Medium,17.0,84500.0,2024,4,7
Unemployed,55+,High School,Healthcare,Bangalore,High,17.0,147100.0,2024,4,8
Employed,45-54,X,Finance,Urban,Low,16.0,86900.0,2024,4,10
Unemployed,25-34,Bachelor'S,Fintech,Hyderabad,Low,14.166666666666666,105200.0,2024,4,11
Employed,55+,Ph.D,Health,Urban,Moderate,10.5,134500.0,2024,4,13
Employed,55+,Bachelor'S,Tech,Mumbai,Moderate,5.0,16200.0,2024,4,16
Employed,35-44,High School,Technology,Bangalore,Moderate,20.0,136000.0,2024,4,17
Unemployed,18-24,X,Retail,Bangalore,High,10.0,29800.0,2024,4,19
Employed,45-54,X,Health,Suburban,Moderate,0.0,75100.0,2024,4,22
Employed,25-34,Bachelor'S,Health,Urban,High,17.0,98200.0,2024,4,23
Unemployed,45-54,Phd,Technology,Urban,Moderate,25.0,91000.0,2024,4,27
Employed,18-24,Ph.D,Health,Urban,High,26.0,6800.0,2024,4,30
Employed,25-34,Bachelor'S,Fintech,Bangalore,High,26.0,64900.0,2024,5,1
Unemployed,18-to-24,Bachelors,Retail,Urban,High,7.0,146300.0,2024,5,2
Unemployed,35-44,Bachelors,Healthcare,Suburban,Moderate,12.5,55600.0,2024,5,3
Employed,18-24,Diploma,Finance,Urban,Low,18.0,54100.0,2024,5,4
Employed,18-to-24,Bachelors,Finance,Mumbai,Low,29.0,51100.0,2024,5,6
Unemployed,35-44,Masters,Retail,Urban,High,16.0,11000.0,2024,5,7
Employed,55+,Phd,Tech,Urban,Medium,19.0,62800.0,2024,5,8
Unemployed,18-to-24,Bachelors,Health,Delhi,Medium,22.5,54400.0,2024,5,9
Employed,18-24,Bachelor'S,Technology,Urban,High,26.0,46000.0,2024,5,10
Employed,18-24,Masters,Education,Urban,Moderate,24.0,75750.0,2024,5,11
Employed,55+,Masters,Tech,Mumbai,Moderate,0.0,105500.0,2024,5,12
Employed,25-34,High School,Retail,Urban,High,3.333333333333333,60200.0,2024,5,14
Employed,55+,Diploma,Education,Urban,Low,5.0,17400.0,2024,5,18
Employed,18-24,X,Health,Rural,High,11.666666666666666,68800.0,2024,5,23
Employed,35-44,Masters,Technology,Suburban,Medium,23.0,34900.0,2024,5,28
Employed,35-44,Ph.D,Fintech,Bangalore,Medium,25.0,82800.0,2024,5,29
Unemployed,18-24,Bachelor'S,Education,Urban,Low,18.333333333333336,54500.0,2024,5,31
Employed,18-24,Ph.D,Retail,Urban,Moderate,9.666666666666668,47100.0,2024,6,1
Employed,18-to-24,Diploma,Retail,Delhi,Low,6.666666666666667,94500.0,2024,6,3
Unemployed,18-to-24,Master,Retail,Suburban,Low,18.0,100400.0,2024,6,5
Unemployed,35-44,Ph.D,Technology,Hyderabad,Low,4.333333333333333,130500.0,2024,6,10
Unemployed,35-44,Masters,Fintech,Urban,Low,4.166666666666667,122900.0,2024,6,11
Unemployed,55+,Bachelor'S,Healthcare,Mumbai,High,4.0,93400.0,2024,6,12
Employed,35-44,X,Retail,Urban,Medium,21.0,77700.0,2024,6,13
Unemployed,45-54,Masters,Tech,Hyderabad,Low,24.0,52400.0,2024,6,14
Unemployed,55+,Masters,Education,Urban,High,19.0,96700.0,2024,6,17
Unemployed,55+,X,Fintech,Urban,High,11.0,72100.0,2024,6,20
Unemployed,25-34,Diploma,Education,Bangalore,High,6.6,24600.0,2024,6,22
Unemployed,55+,Diploma,Education,Bangalore,High,4.4,133700.0,2024,6,23
Employed,18-24,Phd,Retail,Delhi,Medium,0.0,138700.0,2024,6,25
Employed,18-to-24,High School,Education,Rural,Medium,8.666666666666666,87400.0,2024,6,27
Unemployed,18-24,Masters,Healthcare,Hyderabad,Low,13.0,133300.0,2024,6,28
Employed,45-54,Bachelor'S,Fintech,Mumbai,High,28.0,24100.0,2024,6,29
Employed,25-34,X,Finance,Suburban,Moderate,25.0,64600.0,2024,6,30
Unemployed,18-to-24,High School,Finance,Bangalore,Medium,16.5,132900.0,2024,7,5
Unemployed,25-34,X,Finance,Rural,Moderate,17.5,69500.0,2024,7,8
Unemployed,55+,High School,Technology,Hyderabad,High,9.333333333333332,84700.0,2024,7,11
Unemployed,55+,Masters,Finance,Bangalore,Medium,11.0,96400.0,2024,7,14
Employed,18-to-24,X,Retail,Rural,High,0.0,101400.0,2024,7,15
Unemployed,35-44,Phd,Retail,Bangalore,High,19.33333333333333,124400.0,2024,7,17
Unemployed,18-24,Bachelors,Technology,Bangalore,High,17.666666666666668,128000.0,2024,7,18
Unemployed,45-54,Diploma,Retail,Rural,Low,16.0,81350.0,2024,7,19
Employed,18-24,Master,Health,Hyderabad,Medium,13.0,34700.0,2024,7,20
Unemployed,45-54,High School,Tech,Urban,Moderate,10.0,34700.0,2024,7,21
Unemployed,45-54,Bachelors,Technology,Delhi,Low,7.0,62400.0,2024,7,22
Unemployed,45-54,High School,Health,Hyderabad,Low,3.0,90100.0,2024,7,23
Unemployed,18-24,Bachelor'S,Health,Urban,Low,8.0,117800.0,2024,7,24
Employed,25-34,Phd,Retail,Urban,Medium,13.0,69500.0,2024,7,25
Unemployed,25-34,Phd,Retail,Urban,Low,19.0,105000.0,2024,7,27
Employed,55+,Masters,Education,Mumbai,Low,22.0,111850.0,2024,7,30
Unemployed,25-34,Bachelor'S,Fintech,Rural,Moderate,23.0,140600.0,2024,7,31
Employed,18-to-24,Bachelors,Education,Hyderabad,Low,28.0,98850.0,2024,8,1
Employed,55+,Master,Retail,Suburban,High,4.0,97800.0,2024,8,3
Employed,18-24,Phd,Retail,Hyderabad,Moderate,0.0,86600.0,2024,8,4
Employed,45-54,Bachelors,Health,Hyderabad,Low,9.0,92200.0,2024,8,5
Unemployed,55+,X,Retail,Hyderabad,High,10.0,88800.0,2024,8,8
Unemployed,18-to-24,High School,Health,Rural,Low,1.0,109300.0,2024,8,13
Unemployed,25-34,Master,Technology,Hyderabad,High,28.0,73000.0,2024,8,14
Unemployed,18-24,Master,Healthcare,Suburban,High,26.714285714285715,102400.0,2024,8,15
Unemployed,45-54,Master,Health,Delhi,Low,25.428571428571427,140300.0,2024,8,16
Employed,35-44,High School,Health,Urban,High,24.142857142857142,32800.0,2024,8,17
Employed,45-54,X,Healthcare,Delhi,Medium,22.857142857142858,132400.0,2024,8,18
Unemployed,45-54,Diploma,Retail,Urban,High,19.0,70900.0,2024,8,21
Employed,25-34,Masters,Healthcare,Hyderabad,Low,11.0,132100.0,2024,8,22
Employed,45-54,High School,Finance,Bangalore,Moderate,14.5,146900.0,2024,8,23
Unemployed,35-44,Masters,Healthcare,Delhi,Low,18.0,74600.0,2024,8,24
Unemployed,35-44,Phd,Tech,Hyderabad,Low,29.0,30700.0,2024,8,27
Employed,45-54,Phd,Tech,Suburban,High,15.0,20950.0,2024,8,28
Employed,55+,Phd,Technology,Suburban,High,15.8,11200.0,2024,8,29
Unemployed,45-54,Phd,Technology,Urban,Medium,18.2,62600.0,2024,9,1
Employed,18-to-24,Bachelors,Healthcare,Suburban,Medium,7.0,87900.0,2024,9,3
Employed,25-34,High School,Fintech,Rural,Medium,25.666666666666668,108500.0,2024,9,5
Employed,25-34,Ph.D,Retail,Suburban,Low,23.33333333333333,118800.0,2024,9,6
Unemployed,25-34,High School,Education,Bangalore,High,21.0,144100.0,2024,9,7
Employed,18-to-24,Bachelor'S,Health,Mumbai,Low,9.0,96800.0,2024,9,8
Unemployed,18-24,High School,Technology,Delhi,High,24.0,109800.0,2024,9,11
Employed,18-to-24,X,Finance,Urban,High,19.0,65500.0,2024,9,12
Employed,18-to-24,Masters,Education,Rural,Medium,14.0,62100.0,2024,9,14
Employed,18-24,Diploma,Retail,Urban,Low,14.0,143200.0,2024,9,19
Employed,45-54,X,Healthcare,Delhi,High,20.0,117450.0,2024,9,22
Employed,25-34,Bachelors,Tech,Hyderabad,High,18.0,87800.0,2024,9,23
Employed,55+,High School,Tech,Rural,Low,16.0,75000.0,2024,9,24
Unemployed,25-34,Bachelor'S,Fintech,Bangalore,Medium,14.0,51800.0,2024,9,25
Employed,18-to-24,High School,Tech,Hyderabad,High,11.5,96300.0,2024,9,27
Unemployed,35-44,Phd,Retail,Delhi,High,10.25,64500.0,2024,9,28
Unemployed,55+,High School,Tech,Delhi,High,9.0,53033.333333333336,2024,9,29
Employed,18-to-24,X,Health,Suburban,High,15.0,30100.0,2024,10,1
Unemployed,45-54,Ph.D,Tech,Suburban,Low,16.5,101500.0,2024,10,2
Unemployed,35-44,Bachelor'S,Tech,Mumbai,Low,16.0,118500.0,2024,10,6
Employed,18-24,Bachelors,Healthcare,Bangalore,Moderate,23.0,113800.0,2024,10,9
Unemployed,55+,Master,Technology,Delhi,Low,8.0,132700.0,2024,10,10
Employed,25-34,Masters,Tech,Bangalore,High,2.0,26800.0,2024,10,11
Employed,25-34,Bachelors,Healthcare,Urban,Moderate,26.0,112300.0,2024,10,17
Employed,18-24,Diploma,Retail,Rural,Moderate,17.5,60900.0,2024,10,18
Unemployed,25-34,Ph.D,Finance,Urban,High,26.0,43900.0,2024,10,23
Unemployed,25-34,Diploma,Technology,Rural,Medium,23.0,83500.0,2024,10,24
Unemployed,18-to-24,High School,Fintech,Bangalore,High,20.0,123100.0,2024,10,25
Employed,35-44,X,Retail,Mumbai,Low,17.0,59500.0,2024,10,26
Employed,18-24,Diploma,Retail,Hyderabad,High,14.0,87450.0,2024,10,27
Employed,25-34,X,Tech,Bangalore,High,26.666666666666668,130800.0,2024,11,2
Employed,55+,X,Health,Delhi,Low,14.5,68800.0,2024,11,5
Employed,25-34,Ph.D,Education,Mumbai,Low,21.0,40200.0,2024,11,8
Employed,18-24,High School,Finance,Bangalore,High,21.5,59833.33333333333,2024,11,9
Employed,25-34,Bachelor'S,Retail,Bangalore,Low,22.0,79466.66666666666,2024,11,10
Employed,35-44,Masters,Healthcare,Hyderabad,High,22.6,142900.0,2024,11,13
Employed,25-34,Bachelors,Retail,Hyderabad,High,7.666666666666666,64800.0,2024,11,17
Unemployed,45-54,Masters,Education,Urban,Medium,1.0,61450.0,2024,11,19
Employed,55+,X,Education,Suburban,High,2.0,94900.0,2024,11,20
Unemployed,45-54,High School,Health,Hyderabad,High,3.0,16400.0,2024,11,21
Unemployed,45-54,Masters,Tech,Urban,High,4.0,67300.0,2024,11,22
Employed,35-44,Diploma,Technology,Suburban,Low,5.0,6300.0,2024,11,23
Employed,35-44,Ph.D,Technology,Suburban,High,7.0,63200.0,2024,11,25
Unemployed,25-34,High School,Technology,Delhi,Medium,24.5,106700.0,2024,11,27
Unemployed,55+,High School,Retail,Bangalore,High,20.0,61100.0,2024,11,28
Employed,18-24,Ph.D,Healthcare,Delhi,Low,18.0,53800.0,2024,12,1
Unemployed,35-44,Master,Tech,Urban,High,21.0,35200.0,2024,12,2
Employed,35-44,Diploma,Healthcare,Urban,Low,21.666666666666668,41050.0,2024,12,3
Unemployed,45-54,High School,Tech,Rural,Low,23.0,149200.0,2024,12,5
Employed,18-to-24,Phd,Retail,Urban,Low,17.333333333333332,37700.0,2024,12,6
Employed,25-34,Phd,Healthcare,Rural,High,12.285714285714285,100300.0,2024,12,10
Employed,35-44,Diploma,Tech,Bangalore,Moderate,18.57142857142857,49900.0,2024,12,12
Employed,25-34,High School,Retail,Urban,Low,24.857142857142858,8300.0,2024,12,14
Employed,45-54,High School,Retail,Delhi,Moderate,28.0,112100.0,2024,12,15
Unemployed,25-34,Master,Healthcare,Mumbai,High,27.0,86900.0,2024,12,16
Employed,35-44,Phd,Healthcare,Suburban,Medium,26.0,82000.0,2024,12,18
Unemployed,35-44,Bachelor'S,Tech,Bangalore,Low,8.2,116700.0,2024,12,25
Employed,25-34,High School,Finance,Mumbai,High,23.0,28450.0,2024,12,30
Unemployed,25-34,Diploma,Retail,Bangalore,Low,1.0,55600.0,2025,1,5
Unemployed,18-24,Phd,Tech,Urban,Moderate,7.0,105200.0,2025,1,6
Employed,55+,High School,Technology,Bangalore,High,13.0,125450.0,2025,1,7
Employed,45-54,Bachelors,Health,Suburban,Low,18.0,24000.0,2025,1,9
Employed,55+,High School,Health,Suburban,Moderate,13.0,30300.0,2025,1,12
Employed,18-24,Master,Healthcare,Delhi,High,2.0,32900.0,2025,1,13
Employed,35-44,High School,Finance,Hyderabad,High,6.0,52900.0,2025,1,14
Employed,35-44,Ph.D,Tech,Suburban,Moderate,4.0,53900.0,2025,1,16
Unemployed,55+,X,Retail,Rural,High,0.0,143300.0,2025,1,20
Employed,35-44,High School,Technology,Mumbai,High,6.4,88500.0,2025,1,24
Employed,55+,High School,Retail,Suburban,High,8.0,65500.0,2025,1,25
Employed,55+,X,Tech,Urban,High,22.0,41300.0,2025,1,26
Unemployed,35-44,Bachelor'S,Technology,Suburban,High,24.5,148100.0,2025,1,27
Employed,18-to-24,High School,Technology,Urban,High,27.0,59900.0,2025,1,28
Employed,45-54,Bachelors,Tech,Delhi,High,21.666666666666668,84800.0,2025,1,29
Unemployed,55+,Masters,Tech,Rural,Moderate,11.0,68800.0,2025,1,31
Employed,18-to-24,High School,Retail,Rural,Medium,10.0,42000.0,2025,2,1
Unemployed,18-24,Bachelor'S,Retail,Delhi,High,15.0,22600.0,2025,2,2
Unemployed,45-54,Ph.D,Retail,Urban,High,20.0,30500.0,2025,2,3
Unemployed,55+,High School,Retail,Mumbai,Medium,15.5,7300.0,2025,2,6
Employed,18-to-24,Ph.D,Tech,Hyderabad,Low,29.0,44500.0,2025,2,8
Employed,18-to-24,X,Tech,Mumbai,High,14.0,43200.0,2025,2,9
Employed,25-34,X,Fintech,Suburban,High,18.0,58425.0,2025,2,10
Unemployed,35-44,Master,Retail,Delhi,High,22.0,73650.0,2025,2,11
Employed,25-34,Bachelors,Finance,Urban,Low,30.0,104100.0,2025,2,13
Unemployed,18-24,Bachelor'S,Fintech,Delhi,High,26.0,18100.0,2025,2,14
Employed,55+,Bachelor'S,Healthcare,Hyderabad,Low,18.0,143100.0,2025,2,16
Unemployed,25-34,Bachelors,Healthcare,Delhi,Low,25.0,86550.0,2025,2,17
Unemployed,25-34,Bachelor'S,Finance,Urban,Moderate,23.33333333333333,30000.0,2025,2,18
Employed,25-34,Diploma,Finance,Hyderabad,High,12.75,85600.0,2025,2,26
Employed,18-24,Bachelors,Health,Delhi,Low,11.0,84400.0,2025,2,28
Unemployed,18-24,Ph.D,Fintech,Mumbai,Medium,11.0,105500.0,2025,3,3
Unemployed,55+,Diploma,Tech,Bangalore,Moderate,23.0,77300.0,2025,3,5
Employed,25-34,Ph.D,Fintech,Urban,Moderate,24.0,144200.0,2025,3,6
Employed,18-24,Masters,Health,Bangalore,Moderate,26.0,33200.0,2025,3,8
Employed,25-34,High School,Healthcare,Delhi,Medium,27.0,110300.0,2025,3,9
Unemployed,18-to-24,Masters,Healthcare,Urban,Low,15.0,109000.0,2025,3,12
Employed,45-54,Diploma,Retail,Hyderabad,Low,10.0,9900.0,2025,3,13
Employed,45-54,Ph.D,Retail,Mumbai,Low,5.0,42850.0,2025,3,14
Employed,35-44,Bachelors,Technology,Hyderabad,High,14.0,47300.0,2025,3,16
Employed,35-44,High School,Retail,Delhi,Low,22.0,32300.0,2025,3,20
Employed,18-24,Bachelor'S,Technology,Urban,High,28.0,128000.0,2025,3,22
Employed,25-34,High School,Finance,Urban,High,20.0,144700.0,2025,3,23
Employed,18-24,X,Technology,Delhi,Moderate,24.5,89800.0,2025,3,24
Employed,45-54,Master,Health,Hyderabad,Moderate,26.666666666666668,106200.0,2025,3,26
Unemployed,25-34,Masters,Retail,Delhi,High,11.0,86800.0,2025,3,30
Unemployed,18-to-24,High School,Healthcare,Urban,Low,9.5,80800.0,2025,3,31
Employed,45-54,High School,Fintech,Urban,High,24.0,37100.0,2025,4,6
Unemployed,45-54,Bachelor'S,Healthcare,Bangalore,Low,26.5,39333.333333333336,2025,4,9
Employed,25-34,Bachelors,Fintech,Rural,High,28.166666666666668,65150.0,2025,4,11
Unemployed,25-34,High School,Tech,Delhi,High,29.0,92200.0,2025,4,12
Employed,55+,Masters,Education,Delhi,Medium,14.0,117100.0,2025,4,13
Employed,35-44,High School,Retail,Suburban,Moderate,12.333333333333332,139600.0,2025,4,18
Employed,25-34,X,Education,Mumbai,Low,16.0,87900.0,2025,4,19
Unemployed,18-to-24,Bachelors,Finance,Hyderabad,Low,24.0,114400.0,2025,4,23
Unemployed,55+,Ph.D,Tech,Delhi,High,25.0,139500.0,2025,4,24
Unemployed,18-to-24,X,Tech,Mumbai,Medium,16.333333333333332,64500.0,2025,4,26
Unemployed,55+,X,Technology,Urban,Low,11.666666666666666,33300.0,2025,4,27
Unemployed,25-34,Master,Fintech,Suburban,Low,6.5,63000.0,2025,5,1
Employed,18-to-24,X,Retail,Rural,Moderate,8.0,83400.0,2025,5,2
Employed,18-24,X,Fintech,Hyderabad,Moderate,14.0,11900.0,2025,5,6
Unemployed,18-24,Masters,Finance,Rural,Moderate,17.0,94800.0,2025,5,7
Unemployed,25-34,High School,Retail,Suburban,Moderate,20.0,113500.0,2025,5,8
Employed,25-34,Bachelor'S,Health,Suburban,Low,13.0,43900.0,2025,5,9
Unemployed,18-24,Bachelors,Technology,Mumbai,Low,6.0,25900.0,2025,5,10
Unemployed,18-to-24,Masters,Finance,Suburban,Low,19.0,121400.0,2025,5,12
Unemployed,25-34,Phd,Education,Mumbai,Low,20.0,145700.0,2025,5,13
Unemployed,18-to-24,Masters,Fintech,Urban,Low,1.0,105700.0,2025,5,15
Unemployed,25-34,Diploma,Health,Bangalore,Moderate,7.0,68600.0,2025,5,18
Employed,55+,Diploma,Healthcare,Delhi,High,22.0,102000.0,2025,5,20
Unemployed,55+,X,Healthcare,Hyderabad,Low,29.0,37800.0,2025,5,21
Employed,18-24,Bachelors,Fintech,Suburban,High,22.0,120200.0,2025,5,23
Employed,45-54,Bachelors,Fintech,Delhi,Low,16.333333333333332,28600.0,2025,5,24
Unemployed,35-44,High School,Fintech,Mumbai,Low,10.666666666666666,105900.0,2025,5,25
Employed,35-44,Bachelors,Retail,Suburban,Low,4.0,77600.0,2025,5,29
Employed,25-34,High School,Fintech,Bangalore,High,4.0,94100.0,2025,5,30
Employed,25-34,High School,Health,Delhi,High,4.0,6400.0,2025,5,31
Unemployed,25-34,Ph.D,Technology,Rural,Low,4.0,145700.0,2025,6,2
Unemployed,45-54,X,Healthcare,Delhi,Low,11.333333333333332,56000.0,2025,6,3
Unemployed,35-44,Master,Finance,Urban,Low,26.0,108400.0,2025,6,5
Unemployed,18-to-24,High School,Finance,Suburban,Low,10.0,24700.0,2025,6,10
Employed,35-44,High School,Retail,Hyderabad,High,15.0,81766.66666666667,2025,6,13
Unemployed,55+,Masters,Retail,Bangalore,High,16.666666666666668,117800.0,2025,6,14
Unemployed,55+,Masters,Healthcare,Suburban,Low,20.0,25000.0,2025,6,16
Unemployed,45-54,Masters,Fintech,Bangalore,Moderate,8.0,43400.0,2025,6,17
Unemployed,25-34,Diploma,Retail,Mumbai,Low,12.5,121600.0,2025,6,18
Employed,25-34,X,Fintech,Urban,Low,21.5,16200.0,2025,6,20
Unemployed,55+,Masters,Retail,Suburban,Low,17.5,87600.0,2025,6,23
Employed,25-34,Ph.D,Finance,Rural,Moderate,14.0,105966.66666666669,2025,6,27
Employed,25-34,X,Health,Bangalore,Moderate,17.0,34400.0,2025,6,30
Unemployed,18-to-24,Masters,Fintech,Hyderabad,Low,18.0,43700.0,2025,7,1
Employed,25-34,Diploma,Finance,Bangalore,High,21.0,39700.0,2025,7,4
Unemployed,55+,Diploma,Healthcare,Hyderabad,Low,19.166666666666668,22900.0,2025,7,5
Employed,18-24,Masters,Finance,Rural,High,17.333333333333332,6400.0,2025,7,6
Employed,35-44,Ph.D,Retail,Suburban,High,15.5,60700.0,2025,7,7
Employed,45-54,Ph.D,Health,Delhi,Medium,10.0,146200.0,2025,7,10
Unemployed,18-to-24,Bachelor'S,Retail,Mumbai,High,9.0,87150.0,2025,7,11
Employed,25-34,High School,Retail,Urban,Medium,21.0,28100.0,2025,7,12
Unemployed,55+,X,Fintech,Hyderabad,Moderate,17.0,142800.0,2025,7,13
Employed,45-54,Bachelors,Fintech,Mumbai,Moderate,12.0,32900.0,2025,7,16
Unemployed,25-34,High School,Technology,Mumbai,Low,17.333333333333332,63366.66666666667,2025,7,18
Unemployed,35-44,Bachelor'S,Education,Urban,Moderate,20.0,78600.0,2025,7,19
Unemployed,55+,X,Retail,Delhi,High,27.0,47600.0,2025,7,20
Employed,35-44,Bachelors,Retail,Suburban,High,17.0,56700.0,2025,7,22
Unemployed,25-34,Phd,Retail,Rural,Low,12.0,18300.0,2025,7,23
Unemployed,35-44,Ph.D,Retail,Bangalore,Medium,11.75,41800.0,2025,7,27
Employed,45-54,Phd,Fintech,Hyderabad,Low,26.0,110600.0,2025,7,30
Employed,18-to-24,X,Finance,Mumbai,High,8.0,115800.0,2025,8,2
Employed,25-34,Bachelors,Healthcare,Delhi,Moderate,7.0,125000.0,2025,8,3
Employed,55+,Masters,Healthcare,Hyderabad,Low,6.0,145400.0,2025,8,4
Employed,18-to-24,High School,Health,Bangalore,Low,5.0,108300.0,2025,8,5
Unemployed,25-34,High School,Tech,Mumbai,Low,30.0,64500.0,2025,8,6
Unemployed,18-24,Phd,Retail,Urban,Low,17.0,71300.0,2025,8,7
Unemployed,55+,Phd,Tech,Urban,High,13.333333333333334,69400.0,2025,8,8
Employed,35-44,Master,Fintech,Hyderabad,Medium,9.666666666666668,92500.0,2025,8,9
Employed,18-24,Masters,Healthcare,Mumbai,Medium,23.0,98700.0,2025,8,12
Employed,45-54,High School,Fintech,Rural,Moderate,21.5,67400.0,2025,8,13
Unemployed,18-24,Diploma,Retail,Mumbai,Low,17.0,12400.0,2025,8,15
Unemployed,25-34,Ph.D,Healthcare,Urban,High,2.0,13100.0,2025,8,22
Unemployed,25-34,Bachelor'S,Healthcare,Urban,Low,1.6,114700.0,2025,8,23
Employed,18-to-24,Diploma,Retail,Suburban,High,0.3999999999999999,7900.0,2025,8,26
Unemployed,25-34,Ph.D,Health,Rural,Low,20.0,118600.0,2025,8,28
Unemployed,55+,High School,Healthcare,Urban,Low,9.0,95400.0,2025,8,29
Unemployed,25-34,Bachelor'S,Finance,Mumbai,Low,17.5,72200.0,2025,8,30
Unemployed,18-to-24,Ph.D,Health,Urban,High,20.0,129300.0,2025,9,1
Employed,55+,Diploma,Retail,Delhi,Moderate,14.0,126500.0,2025,9,2
Employed,25-34,Masters,Healthcare,Rural,Low,8.0,36900.0,2025,9,3
Unemployed,18-24,High School,Technology,Mumbai,Medium,10.0,89900.0,2025,9,8
Employed,18-24,Bachelor'S,Education,Hyderabad,High,14.5,147900.0,2025,9,9
Unemployed,45-54,Ph.D,Tech,Delhi,High,9.0,32300.0,2025,9,11
Employed,55+,Ph.D,Education,Urban,High,18.5,66800.0,2025,9,12
Unemployed,25-34,Diploma,Retail,Rural,Low,28.0,70600.0,2025,9,13
Employed,35-44,Ph.D,Retail,Bangalore,High,11.0,51800.0,2025,9,15
Employed,25-34,Masters,Healthcare,Bangalore,Moderate,9.0,119000.0,2025,9,16
Employed,18-24,High School,Healthcare,Urban,Low,7.0,8100.0,2025,9,17
Unemployed,25-34,Bachelors,Education,Rural,Low,25.0,137200.0,2025,9,22
Unemployed,25-34,X,Fintech,Bangalore,Medium,10.0,148600.0,2025,9,23
Employed,18-to-24,Ph.D,Finance,Mumbai,Medium,0.0,133700.0,2025,9,25
Unemployed,55+,Ph.D,Education,Rural,Medium,10.0,112100.0,2025,9,26
Unemployed,45-54,Diploma,Fintech,Suburban,High,20.0,115500.0,2025,9,27
Employed,18-to-24,Phd,Technology,Urban,Low,30.0,122500.0,2025,9,28
Unemployed,18-24,High School,Education,Suburban,High,18.5,127566.66666666669,2025,9,29
Unemployed,18-24,Master,Retail,Urban,High,7.0,132633.33333333334,2025,9,30
Unemployed,18-to-24,High School,Retail,Urban,High,13.75,114600.0,2025,10,3
Unemployed,25-34,Bachelor'S,Healthcare,Hyderabad,Medium,16.0,145500.0,2025,10,4
Unemployed,18-to-24,High School,Fintech,Suburban,Low,18.25,65700.0,2025,10,5
Employed,25-34,Master,Education,Delhi,Medium,20.5,94700.0,2025,10,6
Employed,18-24,Bachelors,Retail,Suburban,High,22.75,123700.0,2025,10,7
Unemployed,18-to-24,Masters,Fintech,Rural,High,16.428571428571427,44500.0,2025,10,14
Unemployed,25-34,Phd,Health,Urban,High,16.142857142857142,107300.0,2025,10,15
Unemployed,25-34,Diploma,Fintech,Urban,Low,15.857142857142858,110800.0,2025,10,16
Employed,25-34,Bachelors,Health,Delhi,Moderate,15.285714285714286,132300.0,2025,10,18
Employed,25-34,High School,Finance,Delhi,Moderate,16.0,122400.0,2025,10,20
Unemployed,25-34,Master,Healthcare,Delhi,Moderate,8.0,16300.0,2025,10,25
Unemployed,45-54,Masters,Healthcare,Suburban,Low,13.333333333333332,31350.0,2025,10,26
Employed,55+,Bachelor'S,Retail,Mumbai,High,18.666666666666664,46400.0,2025,10,27
Unemployed,55+,Diploma,Health,Suburban,High,24.0,59800.0,2025,10,28
Unemployed,45-54,Diploma,Retail,Delhi,Low,16.333333333333332,58600.0,2025,10,30
Employed,55+,Phd,Retail,Urban,Moderate,4.833333333333332,126700.0,2025,11,2
Unemployed,45-54,Masters,Healthcare,Hyderabad,Low,23.0,116900.0,2025,11,4
Employed,45-54,High School,Health,Suburban,Moderate,27.33333333333333,10300.0,2025,11,6
Unemployed,45-54,High School,Health,Urban,Low,6.0,63900.0,2025,11,14
Employed,25-34,Masters,Retail,Urban,Low,3.0,50600.0,2025,11,15
Unemployed,55+,Master,Health,Mumbai,Low,25.0,70500.0,2025,11,17
Unemployed,25-34,Bachelor'S,Technology,Hyderabad,High,4.0,103700.0,2025,11,18
Employed,18-24,Phd,Retail,Bangalore,High,12.5,89400.0,2025,11,19
Unemployed,55+,Master,Healthcare,Urban,Low,21.0,102000.0,2025,11,20
Employed,35-44,Diploma,Technology,Rural,Low,3.4,28100.0,2025,11,22
Unemployed,18-24,Master,Retail,Urban,Moderate,5.0,75150.0,2025,11,26
Unemployed,18-to-24,Master,Healthcare,Urban,Medium,15.5,61700.0,2025,11,27
Employed,25-34,X,Retail,Bangalore,Low,26.0,91000.0,2025,11,28
Employed,55+,Diploma,Healthcare,Suburban,High,27.2,137300.0,2025,11,30
Employed,18-to-24,X,Health,Urban,High,28.4,5100.0,2025,12,2
Unemployed,35-44,Diploma,Retail,Hyderabad,High,29.0,121700.0,2025,12,3
Employed,18-to-24,Bachelors,Education,Mumbai,Low,22.5,53800.0,2025,12,4
Unemployed,18-24,Bachelors,Fintech,Suburban,High,16.0,17700.0,2025,12,5
Employed,25-34,High School,Technology,Urban,Moderate,29.0,12750.0,2025,12,6
Employed,18-24,Diploma,Finance,Urban,High,21.0,40766.66666666666,2025,12,10
Unemployed,45-54,Masters,Finance,Rural,Low,27.0,109900.0,2025,12,13
Employed,18-to-24,Master,Fintech,Bangalore,Low,29.0,37800.0,2025,12,14
Unemployed,18-24,Masters,Retail,Urban,High,3.0,53400.0,2025,12,15
Unemployed,25-34,High School,Retail,Urban,Medium,25.0,100600.0,2025,12,16
Unemployed,35-44,Diploma,Finance,Bangalore,Medium,2.0,34200.0,2025,12,20
Employed,35-44,Master,Health,Mumbai,Medium,5.5,66100.0,2025,12,23
Employed,55+,High School,Health,Urban,Medium,7.833333333333334,127100.0,2025,12,25
Employed,18-24,Ph.D,Retail,Bangalore,Medium,9.0,46700.0,2025,12,26
Unemployed,45-54,Master,Technology,Urban,Low,18.0,41900.0,2025,12,29
Employed,25-34,X,Technology,Rural,High,20.0,8800.0,2025,12,30
Employed,25-34,Master,Tech,Hyderabad,Low,15.5,24100.0,2025,12,31
Unemployed,45-54,Masters,Retail,Suburban,Low,11.0,39400.0,2026,1,1
Unemployed,25-34,Bachelors,Technology,Suburban,Low,28.0,125100.0,2026,1,3
Unemployed,25-34,Bachelors,Healthcare,Mumbai,Low,23.0,128500.0,2026,1,4
Employed,25-34,Ph.D,Finance,Rural,Low,22.0,48400.0,2026,1,5
Unemployed,55+,Bachelor'S,Retail,Bangalore,Low,23.0,98800.0,2026,1,7
Employed,45-54,Masters,Retail,Delhi,Low,23.0,34300.0,2026,1,8
Unemployed,25-34,High School,Finance,Bangalore,High,23.0,118100.0,2026,1,9
Employed,25-34,Phd,Technology,Suburban,Moderate,15.25,48400.0,2026,1,12
Employed,25-34,Master,Finance,Urban,High,13.0,14500.0,2026,1,15
Employed,25-34,Diploma,Fintech,Mumbai,Medium,16.0,31900.0,2026,1,16
Unemployed,25-34,Master,Retail,Hyderabad,Low,19.0,14100.0,2026,1,19
Unemployed,35-44,Bachelors,Technology,Urban,Low,23.0,7600.0,2026,1,20
Unemployed,18-24,Diploma,Healthcare,Rural,Medium,13.0,57500.0,2026,1,21
Employed,18-24,Ph.D,Health,Hyderabad,Low,14.5,130100.0,2026,1,23
Unemployed,18-24,Masters,Tech,Suburban,High,15.25,45200.0,2026,1,24
Unemployed,35-44,Diploma,Finance,Rural,High,17.25,149900.0,2026,1,26
Employed,35-44,High School,Retail,Delhi,High,18.5,47800.0,2026,1,27
Unemployed,18-to-24,High School,Fintech,Mumbai,Low,19.75,76800.0,2026,1,28
Employed,45-54,Master,Technology,Mumbai,High,19.0,75900.0,2026,1,31
Unemployed,18-to-24,Bachelor'S,Retail,Hyderabad,Medium,22.0,82600.0,2026,2,1
Employed,45-54,Bachelors,Technology,Bangalore,Moderate,26.0,69200.0,2026,2,2
Unemployed,25-34,Phd,Health,Hyderabad,High,26.666666666666668,128300.0,2026,2,3
Employed,25-34,High School,Retail,Rural,High,30.0,78100.0,2026,2,8
Unemployed,55+,Diploma,Health,Bangalore,Low,22.0,36800.0,2026,2,9
Employed,25-34,Ph.D,Tech,Delhi,High,29.0,84500.0,2026,2,10
Employed,25-34,Phd,Healthcare,Urban,High,24.5,100900.0,2026,2,11
Unemployed,18-to-24,High School,Healthcare,Mumbai,Medium,20.0,57100.0,2026,2,12
Unemployed,35-44,Bachelors,Tech,Urban,Medium,15.5,13300.0,2026,2,13
Employed,18-24,Masters,Fintech,Rural,Low,11.0,65100.0,2026,2,14
Unemployed,25-34,Master,Fintech,Hyderabad,Low,19.0,139900.0,2026,2,15
Unemployed,35-44,X,Education,Mumbai,Low,9.6,86900.0,2026,2,20
Unemployed,18-to-24,X,Health,Delhi,Low,7.2,21700.0,2026,2,21
Employed,55+,Master,Health,Rural,Medium,4.800000000000001,40866.66666666667,2026,2,22
Employed,18-24,Ph.D,Tech,Hyderabad,Low,5.5,62700.0,2026,2,25
Unemployed,45-54,Bachelor'S,Technology,Urban,High,11.0,141400.0,2026,2,26
Unemployed,55+,X,Education,Hyderabad,Low,22.0,44000.0,2026,2,28
Unemployed,55+,Bachelor'S,Tech,Rural,High,11.0,62200.0,2026,3,1
Employed,18-to-24,Bachelor'S,Retail,Delhi,Medium,17.333333333333332,120600.0,2026,3,4
Employed,25-34,X,Technology,Suburban,Medium,26.0,38900.0,2026,3,5
Employed,45-54,X,Tech,Bangalore,High,21.0,46050.0,2026,3,6
Unemployed,55+,Bachelor'S,Retail,Urban,High,16.0,53200.0,2026,3,7
Employed,18-to-24,Master,Education,Urban,High,23.33333333333333,76500.0,2026,3,9
Unemployed,35-44,Bachelors,Fintech,Suburban,Moderate,27.0,65100.0,2026,3,10
Unemployed,18-24,Master,Education,Mumbai,High,24.0,107300.0,2026,3,11
Unemployed,18-to-24,Ph.D,Tech,Urban,Medium,5.0,122000.0,2026,3,12
Unemployed,35-44,Master,Healthcare,Bangalore,Medium,12.0,60800.0,2026,3,13
Employed,35-44,Ph.D,Education,Mumbai,Low,19.0,61800.0,2026,3,14
Employed,35-44,Masters,Retail,Urban,High,18.0,62800.0,2026,3,15
Unemployed,18-to-24,X,Healthcare,Suburban,High,16.0,148400.0,2026,3,17
Employed,45-54,Diploma,Education,Urban,High,15.0,98600.0,2026,3,18
Employed,45-54,X,Healthcare,Rural,Moderate,3.6666666666666665,84050.0,2026,3,20
Employed,25-34,High School,Healthcare,Delhi,High,11.666666666666666,7900.0,2026,3,23
Unemployed,55+,Master,Healthcare,Delhi,High,14.333333333333332,34400.0,2026,3,24
Unemployed,55+,Masters,Health,Rural,High,17.0,73200.0,2026,3,25
Employed,45-54,Masters,Technology,Delhi,High,14.8,107100.0,2026,3,26
Unemployed,25-34,Master,Technology,Urban,Low,12.6,11500.0,2026,3,27
Unemployed,18-to-24,Ph.D,Technology,Hyderabad,Low,10.4,52650.0,2026,3,28
Employed,25-34,Masters,Retail,Suburban,Low,12.0,33400.0,2026,3,31
Unemployed,55+,Ph.D,Tech,Delhi,High,18.0,42700.0,2026,4,1
Unemployed,25-34,Phd,Fintech,Hyderabad,Moderate,12.0,56566.66666666667,2026,4,5
Employed,55+,Ph.D,Technology,Suburban,Low,30.0,129400.0,2026,4,8
Employed,18-to-24,High School,Retail,Mumbai,High,14.666666666666666,37500.0,2026,4,11
Employed,55+,Phd,Fintech,Mumbai,Moderate,14.0,40600.0,2026,4,12
Unemployed,18-24,High School,Education,Rural,Moderate,3.5,77800.0,2026,4,14
Unemployed,35-44,Phd,Healthcare,Rural,Low,5.0,43100.0,2026,4,15
Employed,35-44,Master,Retail,Bangalore,Moderate,16.0,105100.0,2026,4,19
Employed,18-24,Master,Technology,Bangalore,Moderate,20.0,54400.0,2026,4,21
Employed,35-44,High School,Finance,Rural,High,7.0,137000.0,2026,4,24
Unemployed,45-54,Diploma,Health,Suburban,Moderate,14.0,144900.0,2026,4,25
Employed,35-44,Ph.D,Technology,Suburban,Moderate,30.0,149800.0,2026,4,26
Employed,55+,Bachelors,Retail,Bangalore,Moderate,27.666666666666668,81300.0,2026,4,27
Employed,25-34,Ph.D,Health,Mumbai,Medium,25.33333333333333,108100.0,2026,4,28
Employed,18-to-24,Ph.D,Retail,Mumbai,High,23.0,134900.0,2026,4,29
Employed,35-44,Master,Healthcare,Rural,High,20.666666666666664,100000.0,2026,4,30
Employed,55+,High School,Tech,Urban,High,17.0,27500.0,2026,5,4
Unemployed,35-44,Ph.D,Tech,Rural,High,12.0,102500.0,2026,5,5
Unemployed,45-54,Masters,Fintech,Mumbai,High,25.0,78200.0,2026,5,7
Unemployed,18-to-24,Phd,Tech,Mumbai,Medium,11.5,93000.0,2026,5,9
Unemployed,25-34,Masters,Retail,Bangalore,Low,26.0,28900.0,2026,5,11
Unemployed,35-44,Bachelor'S,Health,Hyderabad,High,28.0,52200.0,2026,5,12
Unemployed,45-54,Bachelor'S,Health,Bangalore,High,20.0,125800.0,2026,5,17
Employed,25-34,Bachelors,Health,Bangalore,Moderate,15.333333333333332,65800.0,2026,5,19
Employed,35-44,Master,Tech,Delhi,Low,6.0,15200.0,2026,5,21
Unemployed,25-34,Master,Education,Urban,Low,11.0,96200.0,2026,5,23
Employed,18-24,High School,Healthcare,Rural,Low,6.0,105600.0,2026,5,26
Unemployed,18-to-24,Bachelor'S,Retail,Mumbai,High,29.0,139800.0,2026,5,27
Employed,45-54,Diploma,Education,Urban,Medium,1.0,85400.0,2026,6,1
Unemployed,18-24,Bachelor'S,Retail,Urban,Low,17.0,58300.0,2026,6,3
Unemployed,25-34,High School,Health,Mumbai,Medium,27.0,66100.0,2026,6,6
Employed,45-54,Masters,Tech,Rural,High,16.5,63450.0,2026,6,8
Employed,18-to-24,High School,Healthcare,Hyderabad,Low,6.0,76033.33333333333,2026,6,12
Employed,35-44,X,Tech,Bangalore,Low,12.0,55750.0,2026,6,18
Unemployed,45-54,High School,Retail,Rural,High,15.5,15000.0,2026,6,22
Employed,55+,High School,Healthcare,Delhi,High,4.0,6100.0,2026,6,24
Employed,55+,High School,Technology,Urban,Moderate,10.0,90200.0,2026,6,26
Employed,25-34,X,Finance,Rural,Low,7.0,33600.0,2026,6,27
Employed,55+,Masters,Healthcare,Hyderabad,Low,4.0,69300.0,2026,6,28
Employed,25-34,High School,Fintech,Urban,Low,18.0,55700.0,2026,6,29
Unemployed,25-34,X,Healthcare,Urban,Medium,21.0,30500.0,2026,7,2
Unemployed,45-54,Diploma,Health,Urban,High,19.666666666666668,137200.0,2026,7,4
Unemployed,18-24,Diploma,Health,Urban,High,19.0,85066.66666666666,2026,7,6
Unemployed,25-34,Master,Fintech,Mumbai,Low,19.0,143000.0,2026,7,8
Employed,35-44,Bachelors,Education,Rural,High,19.0,9600.0,2026,7,9
Unemployed,25-34,Phd,Fintech,Urban,Medium,1.0,74950.0,2026,7,11
Unemployed,18-24,Phd,Retail,Mumbai,High,3.0,81700.0,2026,7,12
Unemployed,18-24,Diploma,Education,Mumbai,Medium,5.0,104700.0,2026,7,13
Employed,45-54,High School,Retail,Suburban,Medium,5.2,36000.0,2026,7,14
Unemployed,35-44,Masters,Health,Urban,High,5.4,40833.333333333336,2026,7,15
Unemployed,25-34,Diploma,Education,Delhi,Moderate,25.0,101200.0,2026,7,20
Employed,45-54,Diploma,Retail,Urban,High,4.0,8400.0,2026,7,22
Employed,18-24,High School,Tech,Rural,High,3.0,10700.0,2026,7,23
Unemployed,25-34,Bachelors,Retail,Urban,High,2.0,56700.0,2026,7,24
Unemployed,25-34,Masters,Retail,Delhi,High,2.0,87600.0,2026,7,27
Unemployed,35-44,Phd,Healthcare,Bangalore,High,12.5,49000.0,2026,7,29
Unemployed,25-34,Ph.D,Finance,Delhi,Low,16.0,49200.0,2026,7,30
Employed,18-to-24,High School,Technology,Delhi,Moderate,21.5,63233.33333333333,2026,8,1
Employed,45-54,Masters,Tech,Urban,High,25.0,94766.66666666666,2026,8,2
Employed,25-34,High School,Tech,Urban,Low,11.0,126300.0,2026,8,3
Unemployed,55+,Ph.D,Retail,Hyderabad,Low,7.0,65800.0,2026,8,5
Employed,55+,X,Health,Suburban,Medium,10.0,77300.0,2026,8,6
Employed,18-to-24,Phd,Technology,Suburban,High,10.0,100300.0,2026,8,8
Employed,18-24,High School,Technology,Mumbai,Low,10.0,51800.0,2026,8,12
Unemployed,35-44,Masters,Health,Delhi,Low,23.33333333333333,24500.0,2026,8,15
Employed,18-24,X,Health,Bangalore,Medium,17.0,137000.0,2026,8,18
Employed,35-44,Phd,Tech,Mumbai,Low,14.25,69800.0,2026,8,20
Unemployed,25-34,High School,Retail,Urban,Low,10.0,78100.0,2026,8,24
Unemployed,35-44,Bachelors,Technology,Delhi,High,16.0,12500.0,2026,8,27
Employed,55+,Diploma,Education,Mumbai,Low,19.5,74350.0,2026,8,30
Unemployed,18-24,Bachelors,Fintech,Urban,High,21.0,100700.0,2026,9,1
Unemployed,25-34,Bachelor'S,Tech,Mumbai,Moderate,11.0,92000.0,2026,9,3
Unemployed,55+,Ph.D,Education,Rural,Moderate,18.0,12700.0,2026,9,5
Employed,45-54,Diploma,Technology,Suburban,High,18.0,44400.0,2026,9,6
Unemployed,18-to-24,Master,Healthcare,Rural,Low,8.0,116200.0,2026,9,7
Unemployed,35-44,Diploma,Education,Mumbai,High,5.857142857142858,85566.66666666667,2026,9,10
Unemployed,35-44,Master,Retail,Delhi,High,3.0,88100.0,2026,9,14
Employed,25-34,Ph.D,Fintech,Bangalore,High,10.5,82966.66666666667,2026,9,15
Unemployed,45-54,Bachelor'S,Healthcare,Rural,Moderate,13.0,72700.0,2026,9,17
Employed,45-54,Masters,Healthcare,Delhi,High,16.0,27300.0,2026,9,18
Unemployed,18-24,Bachelors,Retail,Urban,High,26.0,127000.0,2026,9,19
Unemployed,25-34,High School,Fintech,Urban,Low,20.0,57900.0,2026,9,20
Unemployed,45-54,High School,Healthcare,Bangalore,Medium,8.0,42200.0,2026,9,22
Unemployed,18-24,X,Healthcare,Delhi,Moderate,20.0,45600.0,2026,9,23
Employed,25-34,Masters,Retail,Mumbai,Low,9.0,19100.0,2026,9,25
Unemployed,18-to-24,Ph.D,Education,Delhi,Moderate,12.0,38033.33333333333,2026,9,26
Employed,55+,Diploma,Fintech,Bangalore,Low,15.0,56966.66666666666,2026,9,27
Unemployed,18-24,Phd,Retail,Delhi,Medium,18.0,75900.0,2026,9,28
Employed,25-34,Ph.D,Retail,Mumbai,Low,20.0,131100.0,2026,10,1
Unemployed,18-to-24,Diploma,Fintech,Delhi,Medium,20.666666666666668,128600.0,2026,10,2
Employed,25-34,Master,Finance,Delhi,High,22.0,71500.0,2026,10,4
Employed,45-54,X,Healthcare,Mumbai,Medium,5.0,75400.0,2026,10,6
Unemployed,18-to-24,Bachelor'S,Tech,Delhi,Low,28.0,39500.0,2026,10,8
Unemployed,25-34,Bachelor'S,Education,Rural,Low,24.0,90200.0,2026,10,10
Employed,55+,Bachelor'S,Retail,Mumbai,Low,22.666666666666668,135200.0,2026,10,11
Employed,18-24,Diploma,Education,Rural,Low,20.0,96900.0,2026,10,13
Employed,55+,Phd,Fintech,Mumbai,Low,17.333333333333332,114400.0,2026,10,17
Employed,18-to-24,Diploma,Health,Urban,High,13.5,118000.0,2026,10,18
Unemployed,18-24,High School,Finance,Bangalore,Medium,9.666666666666666,68950.0,2026,10,19
Employed,55+,X,Retail,Suburban,Medium,5.833333333333332,19900.0,2026,10,20
Employed,25-34,High School,Retail,Mumbai,Low,5.0,133700.0,2026,10,22
Unemployed,25-34,Phd,Retail,Urban,Medium,4.0,97850.0,2026,10,23
Employed,18-to-24,High School,Retail,Urban,Moderate,20.0,15600.0,2026,10,28
Employed,45-54,Master,Health,Hyderabad,High,23.0,12600.0,2026,10,29
Unemployed,18-to-24,High School,Technology,Suburban,Moderate,30.0,52100.0,2026,10,31
Unemployed,55+,Bachelors,Education,Bangalore,High,30.0,18500.0,2026,11,1
Unemployed,18-to-24,Bachelors,Health,Bangalore,Low,30.0,95300.0,2026,11,2
Employed,35-44,Bachelor'S,Health,Rural,Low,10.0,66500.0,2026,11,5
Unemployed,45-54,Master,Health,Delhi,High,18.285714285714285,74800.0,2026,11,8
Unemployed,25-34,X,Tech,Suburban,High,14.857142857142858,77850.0,2026,11,10
Employed,25-34,Phd,Healthcare,Suburban,High,8.0,45700.0,2026,11,14
Unemployed,18-24,High School,Fintech,Urban,Low,7.571428571428571,44000.0,2026,11,15
Unemployed,18-to-24,Master,Technology,Mumbai,Medium,7.142857142857143,126100.0,2026,11,16
Unemployed,18-24,High School,Finance,Suburban,Low,6.714285714285714,133800.0,2026,11,17
Unemployed,18-24,Master,Healthcare,Urban,Medium,5.857142857142858,9700.0,2026,11,19
Unemployed,35-44,High School,Retail,Rural,Low,5.0,63300.0,2026,11,21
Unemployed,18-24,High School,Fintech,Mumbai,Low,24.0,83600.0,2026,11,24
Unemployed,18-to-24,Bachelor'S,Tech,Suburban,High,18.0,116100.0,2026,11,27
Unemployed,18-24,Phd,Health,Rural,Low,24.0,122900.0,2026,11,28
Employed,25-34,Masters,Fintech,Hyderabad,Moderate,22.8,11500.0,2026,12,3
Unemployed,25-34,High School,Tech,Bangalore,Low,30.0,103900.0,2026,12,5
Employed,18-to-24,Ph.D,Tech,Hyderabad,High,15.5,44900.0,2026,12,7
Unemployed,25-34,High School,Finance,Suburban,Low,30.0,19300.0,2026,12,9
Employed,25-34,Diploma,Fintech,Delhi,Moderate,30.0,11700.0,2026,12,10
Unemployed,18-24,Ph.D,Education,Hyderabad,Medium,30.0,143100.0,2026,12,12
Employed,45-54,Diploma,Technology,Bangalore,High,30.0,109500.0,2026,12,14
Employed,18-24,Diploma,Finance,Mumbai,High,28.0,124100.0,2026,12,15
Employed,55+,Ph.D,Healthcare,Urban,High,3.0,58300.0,2026,12,17
Unemployed,18-to-24,Master,Education,Bangalore,Low,5.0,95250.0,2026,12,18
Unemployed,55+,Diploma,Retail,Mumbai,Moderate,4.333333333333333,132200.0,2026,12,19
Unemployed,18-to-24,Ph.D,Tech,Suburban,High,3.666666666666667,136850.0,2026,12,20
Unemployed,35-44,X,Healthcare,Urban,Moderate,10.0,142300.0,2026,12,22
Employed,18-to-24,Bachelors,Tech,Bangalore,Moderate,8.5,124850.0,2026,12,23
Employed,18-24,X,Tech,Bangalore,High,7.0,107400.0,2026,12,24
Employed,45-54,High School,Retail,Urban,Low,12.0,113500.0,2026,12,29
Employed,25-34,Bachelor'S,Technology,Delhi,Low,29.0,146700.0,2026,12,31
Employed,25-34,Masters,Tech,Hyderabad,High,24.0,27900.0,2027,1,2
Employed,45-54,Phd,Healthcare,Urban,Low,4.0,39700.0,2027,1,3
Unemployed,35-44,Masters,Retail,Bangalore,Low,2.5,32800.0,2027,1,5
Employed,25-34,Master,Retail,Bangalore,Moderate,4.0,97900.0,2027,1,6
Employed,18-to-24,Master,Fintech,Rural,Low,27.0,61300.0,2027,1,9
Unemployed,25-34,Bachelor'S,Retail,Bangalore,High,18.0,90300.0,2027,1,10
Unemployed,18-24,Bachelor'S,Fintech,Suburban,High,14.0,119300.0,2027,1,11
Unemployed,55+,High School,Healthcare,Urban,Low,16.0,37400.0,2027,1,14
Employed,18-24,X,Health,Suburban,Medium,20.0,52300.0,2027,1,18
Unemployed,45-54,Diploma,Retail,Urban,Low,17.0,147000.0,2027,1,19
Unemployed,25-34,Master,Finance,Urban,Low,14.0,112800.0,2027,1,20
Employed,55+,Ph.D,Retail,Urban,High,16.666666666666668,78600.0,2027,1,21
Unemployed,18-to-24,X,Tech,Mumbai,Low,19.33333333333333,96600.0,2027,1,22
Unemployed,25-34,High School,Retail,Suburban,High,22.0,114600.0,2027,1,23
Unemployed,35-44,Bachelors,Finance,Urban,Low,18.33333333333333,135700.0,2027,1,27
Unemployed,45-54,Ph.D,Technology,Bangalore,High,21.0,112400.0,2027,1,28
Unemployed,25-34,High School,Healthcare,Mumbai,Low,18.0,20700.0,2027,1,29
Employed,45-54,High School,Tech,Suburban,High,17.2,50100.0,2027,1,31
Employed,18-to-24,Bachelors,Finance,Rural,High,26.0,113400.0,2027,2,4
Employed,18-24,Bachelor'S,Retail,Delhi,Moderate,27.0,136600.0,2027,2,6
Employed,18-to-24,Bachelors,Fintech,Suburban,Medium,22.5,8400.0,2027,2,7
Employed,25-34,Bachelors,Retail,Urban,Low,18.0,143900.0,2027,2,8
Employed,35-44,Bachelors,Tech,Hyderabad,High,30.0,9400.0,2027,2,9
Unemployed,25-34,Masters,Retail,Urban,High,11.0,66000.0,2027,2,12
Unemployed,55+,Master,Retail,Urban,Low,17.5,99200.0,2027,2,14
Unemployed,45-54,Ph.D,Retail,Rural,Low,20.0,36100.0,2027,2,18
Unemployed,18-24,High School,Technology,Hyderabad,High,24.5,47300.0,2027,2,19
Unemployed,18-24,Master,Education,Urban,High,29.0,103200.0,2027,2,20
Unemployed,35-44,High School,Retail,Urban,High,26.0,98600.0,2027,2,21
Employed,45-54,Bachelor'S,Finance,Hyderabad,Medium,19.5,94000.0,2027,2,22
Unemployed,35-44,Bachelor'S,Tech,Mumbai,Moderate,0.0,118800.0,2027,2,25
Employed,55+,Diploma,Finance,Rural,Moderate,21.5,109525.0,2027,2,27
Employed,18-24,Bachelor'S,Retail,Delhi,High,29.0,123900.0,2027,3,3
Unemployed,18-24,X,Retail,Urban,Medium,12.0,105100.0,2027,3,5
Employed,18-24,High School,Retail,Bangalore,Medium,7.0,85100.0,2027,3,6
Employed,18-24,Phd,Health,Rural,High,7.0,100800.0,2027,3,7
Unemployed,18-24,Diploma,Technology,Mumbai,Moderate,0.0,51100.0,2027,3,9
Unemployed,55+,Bachelors,Fintech,Rural,High,7.0,79200.0,2027,3,10
Unemployed,45-54,Bachelors,Technology,Hyderabad,High,7.5,10700.0,2027,3,11
Unemployed,45-54,Bachelors,Health,Delhi,Low,10.5,65200.0,2027,3,13
Employed,55+,Bachelors,Technology,Delhi,Medium,7.0,59500.0,2027,3,15
Unemployed,55+,Phd,Tech,Hyderabad,Low,1.0,138300.0,2027,3,16
Unemployed,18-to-24,X,Tech,Delhi,Medium,1.0,34800.0,2027,3,19
Unemployed,45-54,Bachelor'S,Healthcare,Urban,High,25.0,79900.0,2027,3,22
Unemployed,25-34,High School,Technology,Hyderabad,High,2.0,46000.0,2027,3,25
Unemployed,35-44,High School,Healthcare,Urban,Low,8.25,131800.0,2027,3,26
Unemployed,18-to-24,High School,Tech,Mumbai,Low,14.5,149100.0,2027,3,27
Unemployed,18-to-24,Bachelors,Healthcare,Suburban,Medium,22.5,56400.0,2027,3,30
Unemployed,25-34,Bachelor'S,Retail,Mumbai,High,18.0,83000.0,2027,3,31
Employed,18-to-24,Diploma,Tech,Suburban,High,10.0,21400.0,2027,4,1
Employed,55+,Ph.D,Finance,Urban,Low,18.5,106100.0,2027,4,3
Employed,18-to-24,Diploma,Retail,Bangalore,High,17.0,68000.0,2027,4,4
Employed,25-34,High School,Fintech,Hyderabad,Low,24.0,29900.0,2027,4,5
Unemployed,25-34,Bachelors,Finance,Hyderabad,Moderate,19.5,125600.0,2027,4,6
Employed,45-54,Bachelors,Fintech,Mumbai,Moderate,15.0,74150.0,2027,4,7
Unemployed,55+,Diploma,Health,Hyderabad,Medium,10.5,22700.0,2027,4,8
Unemployed,18-24,High School,Fintech,Hyderabad,High,6.0,138500.0,2027,4,9
Employed,18-24,High School,Education,Bangalore,High,25.0,12100.0,2027,4,10
Employed,25-34,Diploma,Technology,Mumbai,Low,15.0,132900.0,2027,4,18
Employed,25-34,Phd,Health,Urban,Medium,10.333333333333332,95150.0,2027,4,19
Unemployed,18-to-24,Ph.D,Fintech,Mumbai,High,5.666666666666666,57400.0,2027,4,20
Employed,35-44,X,Retail,Mumbai,Moderate,1.0,54900.0,2027,4,21
Unemployed,45-54,High School,Retail,Mumbai,Medium,4.0,61600.0,2027,4,22
Unemployed,25-34,Ph.D,Healthcare,Suburban,Medium,7.0,68300.0,2027,4,23
Employed,35-44,High School,Retail,Bangalore,Low,17.0,68700.0,2027,4,24
Unemployed,25-34,Phd,Healthcare,Urban,Low,10.0,90800.0,2027,4,25
Employed,18-24,Bachelor'S,Retail,Urban,High,5.0,87200.0,2027,4,28
Unemployed,35-44,X,Fintech,Rural,High,9.0,100100.0,2027,4,29
Unemployed,35-44,Diploma,Technology,Suburban,Low,17.0,90800.0,2027,5,1
Unemployed,55+,Bachelor'S,Finance,Mumbai,Moderate,21.0,123600.0,2027,5,2
Unemployed,45-54,Diploma,Retail,Urban,Moderate,17.25,110900.0,2027,5,4
Employed,25-34,Masters,Retail,Delhi,High,13.5,80700.0,2027,5,5
Unemployed,45-54,Bachelors,Healthcare,Rural,Low,9.75,47100.0,2027,5,6
Employed,18-24,Bachelors,Finance,Bangalore,High,7.4,49366.66666666666,2027,5,8
Unemployed,35-44,X,Health,Mumbai,High,11.6,45500.0,2027,5,11
Unemployed,25-34,High School,Education,Urban,High,13.0,43000.0,2027,5,12
Employed,18-24,Diploma,Finance,Delhi,Low,14.0,149300.0,2027,5,15
Employed,18-to-24,Bachelor'S,Health,Delhi,Low,9.0,6500.0,2027,5,16
Employed,25-34,Masters,Tech,Bangalore,Low,4.0,122500.0,2027,5,17
Employed,25-34,Masters,Retail,Mumbai,Moderate,6.666666666666666,140800.0,2027,5,18
Employed,18-to-24,Bachelors,Education,Hyderabad,Low,9.333333333333332,83950.0,2027,5,19
Employed,25-34,High School,Technology,Mumbai,High,14.666666666666666,110800.0,2027,5,21
Unemployed,25-34,High School,Tech,Rural,Low,17.333333333333332,18800.0,2027,5,22
Unemployed,25-34,Bachelor'S,Retail,Delhi,Low,20.0,24100.0,2027,5,23
Unemployed,25-34,High School,Retail,Suburban,Low,19.0,29400.0,2027,5,24
Unemployed,25-34,Phd,Retail,Delhi,Low,29.0,34700.0,2027,5,25
Employed,25-34,Bachelor'S,Technology,Hyderabad,High,3.0,82900.0,2027,5,30
Employed,25-34,Phd,Health,Urban,Medium,0.0,84150.0,2027,6,1
Employed,18-24,Bachelors,Retail,Urban,Medium,0.6666666666666666,108600.0,2027,6,3
Employed,18-to-24,High School,Finance,Bangalore,High,1.3333333333333333,88600.0,2027,6,5
Employed,45-54,Bachelors,Health,Rural,High,2.0,20200.0,2027,6,7
Employed,45-54,Diploma,Retail,Hyderabad,Moderate,27.0,54800.0,2027,6,8
Unemployed,25-34,Phd,Retail,Bangalore,Low,22.0,54233.333333333336,2027,6,9
Unemployed,25-34,Diploma,Education,Hyderabad,Medium,19.0,53666.66666666666,2027,6,10
Unemployed,25-34,Bachelor'S,Health,Urban,High,20.0,49950.0,2027,6,13
Employed,25-34,Phd,Finance,Bangalore,Medium,22.0,60300.0,2027,6,14
Employed,18-24,High School,Finance,Hyderabad,High,14.0,70900.0,2027,6,20
Employed,25-34,High School,Retail,Rural,Low,16.0,26200.0,2027,6,21
Unemployed,25-34,X,Fintech,Urban,High,17.0,145300.0,2027,6,22
Unemployed,55+,Diploma,Retail,Urban,Medium,3.0,59366.66666666667,2027,6,24
Employed,45-54,Bachelor'S,Technology,Mumbai,High,14.0,16400.0,2027,6,25
Employed,25-34,Ph.D,Education,Rural,Low,1.0,93250.0,2027,6,27
Employed,18-to-24,Masters,Tech,Mumbai,High,0.75,78750.0,2027,6,29
Employed,35-44,High School,Health,Urban,High,1.5,59000.0,2027,6,30
Unemployed,35-44,Master,Healthcare,Hyderabad,Low,2.25,119600.0,2027,7,1
Unemployed,35-44,Phd,Retail,Rural,Medium,3.0,142800.0,2027,7,2
Unemployed,25-34,Phd,Fintech,Rural,High,27.0,28500.0,2027,7,3
Employed,18-24,High School,Healthcare,Mumbai,Medium,6.0,37900.0,2027,7,4
Unemployed,35-44,High School,Retail,Hyderabad,Low,4.0,32100.0,2027,7,5
Employed,45-54,Diploma,Finance,Delhi,Medium,9.0,89800.0,2027,7,6
Unemployed,35-44,Master,Technology,Suburban,High,26.0,72100.0,2027,7,10
Employed,55+,Bachelors,Finance,Rural,High,15.333333333333334,100400.0,2027,7,13
Unemployed,25-34,Masters,Education,Mumbai,Low,22.0,89300.0,2027,7,15
Employed,18-to-24,Bachelor'S,Healthcare,Rural,Medium,25.0,45200.0,2027,7,16
Unemployed,45-54,Ph.D,Fintech,Urban,High,9.0,132200.0,2027,7,20
Unemployed,18-24,Masters,Retail,Bangalore,High,8.0,139200.0,2027,7,21
Unemployed,55+,Master,Healthcare,Bangalore,Low,11.0,34300.0,2027,7,22
Unemployed,18-24,High School,Retail,Delhi,Low,10.0,133700.0,2027,7,23
Unemployed,55+,Phd,Retail,Suburban,Moderate,22.0,125000.0,2027,7,27
Employed,25-34,High School,Retail,Delhi,Low,23.0,128666.66666666669,2027,8,1
Unemployed,45-54,Bachelor'S,Health,Rural,Low,24.0,54900.0,2027,8,5
Unemployed,25-34,Bachelors,Tech,Delhi,Moderate,17.5,86400.0,2027,8,7
Employed,18-24,Ph.D,Technology,Urban,Low,26.0,76300.0,2027,8,8
Unemployed,18-24,X,Retail,Urban,Medium,27.0,58600.0,2027,8,10
Employed,18-to-24,Master,Retail,Suburban,Low,24.5,135500.0,2027,8,11
Unemployed,55+,Bachelor'S,Retail,Delhi,Low,1.0,51700.0,2027,8,13
Employed,35-44,Masters,Finance,Delhi,Medium,0.5,88900.0,2027,8,14
Unemployed,25-34,Master,Health,Mumbai,Moderate,16.0,114200.0,2027,8,19
Employed,18-24,Bachelors,Education,Suburban,Moderate,7.5,76200.0,2027,8,21
Unemployed,35-44,High School,Finance,Urban,Medium,30.0,65500.0,2027,8,23
Unemployed,25-34,Diploma,Health,Suburban,Low,25.5,135433.33333333334,2027,8,25
Employed,25-34,Diploma,Technology,Bangalore,High,23.0,121566.66666666669,2027,8,26
Unemployed,45-54,High School,Technology,Hyderabad,Low,11.0,125250.0,2027,8,28
Unemployed,25-34,Ph.D,Fintech,Urban,Low,4.5,77200.0,2027,8,30
Unemployed,25-34,Bachelors,Retail,Urban,High,2.0,15200.0,2027,9,4
Unemployed,55+,Master,Finance,Delhi,Moderate,23.0,33200.0,2027,9,6
Unemployed,18-to-24,High School,Retail,Mumbai,Low,29.0,25900.0,2027,9,7
Employed,25-34,High School,Finance,Hyderabad,High,22.5,35200.0,2027,9,9
Unemployed,18-24,High School,Retail,Delhi,Low,19.25,41600.0,2027,9,10
Employed,25-34,X,Retail,Urban,Medium,4.0,25133.33333333333,2027,9,12
Employed,25-34,Master,Health,Urban,High,25.0,133500.0,2027,9,14
Unemployed,45-54,High School,Fintech,Mumbai,Low,19.5,113200.0,2027,9,19
Unemployed,35-44,High School,Finance,Suburban,Low,27.0,12100.0,2027,9,23
Unemployed,35-44,Masters,Fintech,Hyderabad,Low,24.0,7000.0,2027,9,24
Employed,25-34,Phd,Retail,Suburban,Medium,21.0,30400.0,2027,9,25
Employed,18-24,Bachelor'S,Fintech,Delhi,High,16.0,53800.0,2027,9,26
Employed,18-to-24,Bachelors,Technology,Rural,Moderate,19.5,137500.0,2027,9,28
Unemployed,45-54,Diploma,Retail,Suburban,Medium,28.0,12600.0,2027,9,29
Employed,25-34,Bachelor'S,Finance,Bangalore,High,18.0,142900.0,2027,9,30
Unemployed,18-to-24,Bachelors,Tech,Bangalore,Low,21.0,139475.0,2027,10,1
Employed,18-24,High School,Education,Urban,High,18.5,132625.0,2027,10,3
Employed,35-44,Ph.D,Technology,Mumbai,Low,23.0,129200.0,2027,10,4
Employed,18-to-24,Diploma,Tech,Urban,High,6.0,103300.0,2027,10,7
Unemployed,25-34,High School,Education,Urban,Medium,14.0,63800.0,2027,10,8
Employed,55+,Bachelors,Fintech,Rural,Low,10.0,73000.0,2027,10,10
Unemployed,25-34,High School,Healthcare,Hyderabad,Moderate,9.0,114500.0,2027,10,11
Employed,18-24,Diploma,Finance,Delhi,Low,13.0,59500.0,2027,10,12
Unemployed,18-24,X,Retail,Hyderabad,Medium,25.0,43400.0,2027,10,13
Employed,25-34,X,Health,Urban,High,8.2,119400.0,2027,10,18
Unemployed,25-34,Bachelor'S,Tech,Suburban,Medium,9.666666666666666,38400.0,2027,10,24
Employed,35-44,X,Tech,Urban,Medium,13.5,41000.0,2027,10,26
Unemployed,25-34,Bachelors,Technology,Hyderabad,Medium,16.0,34600.0,2027,10,27
Unemployed,35-44,High School,Finance,Bangalore,Moderate,16.5,88000.0,2027,10,30
Unemployed,35-44,X,Fintech,Suburban,Medium,19.0,11500.0,2027,11,7
Employed,25-34,Bachelor'S,Education,Mumbai,High,19.0,41600.0,2027,11,8
Unemployed,18-to-24,Bachelors,Finance,Suburban,High,18.0,128400.0,2027,11,12
Employed,18-24,Bachelors,Finance,Mumbai,High,7.0,116950.0,2027,11,14
Unemployed,35-44,Diploma,Retail,Bangalore,High,21.0,122700.0,2027,11,17
Employed,55+,Bachelor'S,Technology,Urban,High,20.0,75100.0,2027,11,19
Unemployed,55+,Phd,Retail,Hyderabad,Medium,27.0,83600.0,2027,11,20
Employed,55+,High School,Health,Urban,Low,20.666666666666668,102100.0,2027,11,21
Unemployed,18-24,Master,Healthcare,Mumbai,Medium,14.333333333333334,120600.0,2027,11,22
Unemployed,18-to-24,Bachelors,Fintech,Mumbai,Moderate,29.0,146300.0,2027,11,25
Unemployed,18-to-24,Phd,Fintech,Urban,Low,10.0,7200.0,2027,11,26
Unemployed,25-34,High School,Education,Suburban,Medium,1.6666666666666667,37100.0,2027,11,28
Unemployed,35-44,X,Healthcare,Urban,High,5.0,104200.0,2027,11,30
Employed,45-54,X,Healthcare,Urban,High,15.0,35500.0,2027,12,1
Unemployed,45-54,High School,Technology,Hyderabad,High,25.0,37500.0,2027,12,2
Unemployed,45-54,Masters,Health,Urban,High,20.75,39500.0,2027,12,3
Unemployed,18-to-24,Ph.D,Finance,Suburban,High,16.5,104500.0,2027,12,4
Employed,55+,Diploma,Fintech,Urban,High,12.25,148900.0,2027,12,5
Employed,18-to-24,High School,Fintech,Urban,High,8.5,124500.0,2027,12,8
Employed,18-to-24,X,Finance,Mumbai,Low,8.75,124600.0,2027,12,9
Unemployed,18-24,Master,Health,Urban,High,9.0,112775.0,2027,12,10
Employed,18-to-24,High School,Healthcare,Bangalore,Low,7.0,100950.0,2027,12,11
Unemployed,18-to-24,Diploma,Retail,Urban,Moderate,5.0,89125.0,2027,12,12
Unemployed,45-54,High School,Finance,Urban,Low,16.0,77300.0,2027,12,13
Unemployed,45-54,X,Technology,Bangalore,Moderate,18.0,45300.0,2027,12,14
Employed,18-to-24,X,Healthcare,Suburban,Medium,20.0,41950.0,2027,12,15
Employed,25-34,Master,Retail,Bangalore,High,30.0,97500.0,2027,12,19
Employed,18-to-24,Ph.D,Retail,Rural,Low,23.5,76000.0,2027,12,21
Employed,18-24,Masters,Health,Suburban,High,20.25,43150.0,2027,12,22
Unemployed,45-54,High School,Education,Urban,Moderate,14.0,124400.0,2027,12,28
Unemployed,25-34,Bachelors,Technology,Hyderabad,Low,10.0,68700.0,2027,12,29
Employed,18-to-24,Phd,Healthcare,Suburban,Medium,11.0,97900.0,2027,12,31
Unemployed,55+,Phd,Technology,Mumbai,Medium,9.0,70966.66666666667,2028,1,1
Unemployed,35-44,Masters,Health,Urban,High,7.0,44033.333333333336,2028,1,2
Employed,45-54,Bachelor'S,Education,Bangalore,High,3.0,133900.0,2028,1,4
Employed,45-54,Bachelors,Retail,Mumbai,High,3.0,58500.0,2028,1,7
Unemployed,45-54,Bachelors,Retail,Bangalore,High,3.0,34200.0,2028,1,8
Employed,25-34,Masters,Education,Suburban,Moderate,10.0,10700.0,2028,1,9
Unemployed,55+,Ph.D,Finance,Hyderabad,Moderate,0.0,46600.0,2028,1,10
Unemployed,18-24,High School,Retail,Hyderabad,Low,9.75,10900.0,2028,1,13
Employed,25-34,High School,Education,Suburban,Medium,15.0,74666.66666666667,2028,1,19
Unemployed,35-44,Ph.D,Education,Suburban,Moderate,10.5,72800.0,2028,1,21
Unemployed,25-34,Masters,Health,Hyderabad,High,25.0,140800.0,2028,1,25
Unemployed,18-to-24,Ph.D,Retail,Suburban,Low,25.0,113400.0,2028,1,26
Employed,35-44,Bachelor'S,Healthcare,Rural,Medium,25.0,54000.0,2028,1,29
Employed,55+,Phd,Technology,Suburban,Moderate,25.0,72650.0,2028,1,31
Unemployed,45-54,X,Healthcare,Suburban,High,25.0,87300.0,2028,2,1
Employed,35-44,Phd,Health,Hyderabad,Low,21.0,79733.33333333333,2028,2,2
Unemployed,35-44,Diploma,Finance,Urban,Moderate,15.0,72166.66666666667,2028,2,3
Unemployed,35-44,High School,Tech,Rural,Low,9.0,64600.0,2028,2,4
Employed,55+,Diploma,Retail,Urban,Medium,27.0,106500.0,2028,2,5
Employed,35-44,Master,Fintech,Bangalore,High,24.33333333333333,148400.0,2028,2,6
Employed,25-34,Phd,Finance,Mumbai,Low,19.0,91700.0,2028,2,8
Unemployed,35-44,Master,Health,Urban,Low,24.0,107366.66666666669,2028,2,10
Employed,45-54,Master,Healthcare,Rural,Low,24.0,115200.0,2028,2,11
Unemployed,18-24,Masters,Health,Rural,Medium,24.0,38500.0,2028,2,12
Unemployed,18-to-24,Bachelor'S,Retail,Urban,High,24.0,104600.0,2028,2,13
Unemployed,18-24,Bachelors,Retail,Mumbai,High,6.666666666666666,33800.0,2028,2,16
Employed,45-54,X,Education,Hyderabad,High,8.0,50900.0,2028,2,19
Employed,45-54,Phd,Healthcare,Suburban,High,12.0,17800.0,2028,2,22
Unemployed,25-34,Master,Healthcare,Delhi,Medium,10.0,98100.0,2028,2,26
Unemployed,35-44,High School,Retail,Suburban,Low,2.0,145300.0,2028,2,27
Employed,18-24,Master,Technology,Rural,Low,3.2,63500.0,2028,2,28
Employed,18-24,Diploma,Finance,Suburban,Low,4.4,16100.0,2028,2,29
Unemployed,35-44,Phd,Retail,Suburban,Moderate,5.6,105600.0,2028,3,1
Employed,55+,Diploma,Technology,Bangalore,High,8.0,51100.0,2028,3,3
Employed,18-to-24,Ph.D,Fintech,Urban,Low,24.0,7000.0,2028,3,5
Unemployed,55+,High School,Health,Rural,High,18.666666666666668,7600.0,2028,3,6
Unemployed,55+,Masters,Education,Suburban,Moderate,13.333333333333334,122800.0,2028,3,7
Unemployed,18-24,Phd,Finance,Rural,Moderate,8.0,61500.0,2028,3,8
Employed,35-44,Diploma,Retail,Bangalore,High,2.0,56700.0,2028,3,10
Unemployed,55+,Master,Retail,Bangalore,Low,14.5,36850.0,2028,3,15
Unemployed,25-34,Bachelors,Fintech,Delhi,Medium,7.0,24100.0,2028,3,16
Unemployed,25-34,Ph.D,Technology,Mumbai,High,12.25,28500.0,2028,3,17
Employed,35-44,Masters,Fintech,Bangalore,High,17.5,32900.0,2028,3,18
Unemployed,25-34,Diploma,Retail,Rural,High,22.75,114500.0,2028,3,19
Employed,25-34,Phd,Finance,Urban,High,28.0,124800.0,2028,3,20
Unemployed,18-to-24,Phd,Education,Urban,Medium,14.0,105020.0,2028,3,21
Employed,45-54,Masters,Retail,Urban,Low,27.0,65460.0,2028,3,23
Employed,18-to-24,Bachelors,Education,Bangalore,Low,5.75,25900.0,2028,3,25
Employed,25-34,Ph.D,Tech,Mumbai,Low,7.0,83950.0,2028,3,30
Employed,45-54,Bachelor'S,Retail,Bangalore,Low,19.0,78200.0,2028,4,5
Unemployed,18-24,Diploma,Retail,Urban,Low,20.0,48400.0,2028,4,6
Employed,18-to-24,X,Retail,Mumbai,Low,21.0,15000.0,2028,4,7
Unemployed,25-34,Masters,Retail,Urban,Low,11.5,147300.0,2028,4,9
Unemployed,18-24,Ph.D,Healthcare,Urban,Low,5.75,63800.0,2028,4,11
Employed,18-to-24,Phd,Technology,Urban,Low,4.5,88000.0,2028,4,12
Unemployed,45-54,Bachelor'S,Technology,Urban,High,5.0,48800.0,2028,4,16
Unemployed,25-34,Ph.D,Health,Urban,High,24.0,26900.0,2028,4,19
Employed,18-to-24,Masters,Tech,Bangalore,Moderate,24.666666666666664,35900.0,2028,4,24
Unemployed,25-34,Diploma,Fintech,Urban,Moderate,29.0,45100.0,2028,4,25
Employed,55+,Masters,Finance,Bangalore,Moderate,3.0,127700.0,2028,4,28
Unemployed,18-24,Ph.D,Fintech,Urban,High,20.0,34900.0,2028,5,2
Employed,25-34,X,Finance,Mumbai,High,8.75,131900.0,2028,5,5
Unemployed,55+,Bachelor'S,Retail,Urban,Low,5.0,74400.0,2028,5,6
Employed,25-34,Ph.D,Education,Urban,Moderate,23.0,105600.0,2028,5,7
Employed,55+,Ph.D,Finance,Suburban,Low,22.0,82800.0,2028,5,10
Employed,35-44,High School,Technology,Suburban,Moderate,1.0,26000.0,2028,5,11
Unemployed,18-to-24,High School,Health,Bangalore,High,27.0,145000.0,2028,5,12
Unemployed,35-44,High School,Healthcare,Rural,Moderate,20.0,96200.0,2028,5,13
Unemployed,45-54,Phd,Retail,Delhi,Low,21.0,43600.0,2028,5,15
Unemployed,55+,Bachelor'S,Education,Mumbai,Moderate,28.0,97000.0,2028,5,19
Unemployed,18-to-24,Masters,Technology,Urban,Low,17.0,92500.0,2028,5,22
Unemployed,18-to-24,Ph.D,Education,Delhi,Medium,14.666666666666666,140700.0,2028,5,23
Employed,25-34,Master,Health,Bangalore,High,12.333333333333332,52700.0,2028,5,24
Employed,45-54,Phd,Finance,Delhi,High,10.0,74700.0,2028,5,25
Unemployed,18-to-24,Bachelor'S,Tech,Suburban,High,28.0,27700.0,2028,5,29
Employed,18-24,High School,Health,Bangalore,Moderate,17.5,126600.0,2028,5,30
Employed,35-44,Master,Retail,Rural,Moderate,7.0,25500.0,2028,5,31
Employed,45-54,Ph.D,Retail,Suburban,High,18.0,143000.0,2028,6,1
Employed,18-to-24,Phd,Finance,Bangalore,Moderate,16.0,106600.0,2028,6,2
Employed,25-34,Ph.D,Healthcare,Mumbai,Medium,26.0,49200.0,2028,6,11
Unemployed,18-to-24,Phd,Healthcare,Rural,Moderate,19.0,146200.0,2028,6,13
Unemployed,55+,Bachelors,Education,Urban,Low,15.333333333333334,9000.0,2028,6,17
Employed,25-34,Ph.D,Finance,Hyderabad,Low,18.666666666666668,113000.0,2028,6,18
Employed,25-34,High School,Retail,Mumbai,High,22.0,92500.0,2028,6,21
